1,Binnie,Hovee,bhovee0@hubpages.com,Genderqueer,Support,1419125,Lithuanian,Paris 11,France
2,Devondra,Rosingdall,drosingdall1@yellowbook.com,Non-binary,Support,1365025,Tsonga,Seminole,United States
3,Siward,Struijs,sstruijs2@wikia.com,Male,Business Development,432657,Armenian,London,United States
4,Jaime,Camoys,jcamoys3@wsj.com,Bigender,Accounting,1122884,Armenian,Stockton,United States
5,Nahum,Macieiczyk,nmacieiczyk4@reference.com,Bigender,Human Resources,1026666,Burmese,Toulouse,France
6,Tova,Manclark,tmanclark5@army.mil,Female,Business Development,659039,Hiri Motu,Le Mans,France
7,Terrill,Feander,tfeander6@unc.edu,Genderqueer,Legal,226156,Greek,Rouen,France
8,Milicent,Mossdale,mmossdale7@chicagotribune.com,Male,Research and Development,545708,Lao,Grand Rapids,United States
9,Warde,Stenett,wstenett8@altervista.org,Genderqueer,Business Development,807769,Moldovan,Bastia,France
10,Chan,Bolin,cbolin9@craigslist.org,Agender,Human Resources,235352,Dutch,Shreveport,United States
11,Kelley,Frank,kfranka@macromedia.com,Female,Training,83107,Azeri,Douarnenez,France
12,Carleen,Semeniuk,csemeniukb@jimdo.com,Bigender,Support,1008502,Afrikaans,Berlin,Germany
13,Jemmie,Benedicto,jbenedictoc@businessinsider.com,Agender,Legal,685235,Latvian,Dallas,United States
14,Fayina,Langmead,flangmeadd@howstuffworks.com,Genderfluid,Training,374701,French,Le Mans,France
15,Joellen,O'Corrin,jocorrine@mac.com,Agender,Human Resources,1261986,Maltese,Nürnberg,Germany
16,Flo,Hanlin,fhanlinf@storify.com,Polygender,Services,393009,Kyrgyz,Lille,France
17,Bern,Lafond,blafondg@amazon.de,Non-binary,Business Development,933737,Greek,San Antonio,United States
18,Antin,Ginman,aginmanh@answers.com,Male,Services,758842,French,Berlin,Germany
19,Hillery,Costall,hcostalli@rakuten.co.jp,Genderfluid,Business Development,736463,Norwegian,Clermont-Ferrand,France
20,Carla,Tomblin,ctomblinj@google.ru,Female,Human Resources,978985,Armenian,Mobile,United States
21,Coleman,Matys,cmatysk@opera.com,Female,Accounting,866039,Albanian,Chicago,United States
22,Trish,Walework,twaleworkl@devhub.com,Agender,Business Development,1208531,Bislama,Lees Summit,United States
23,Dorolice,Rockingham,drockinghamm@miibeian.gov.cn,Male,Sales,569996,Malay,Caen,France
24,Rosamund,Durrett,rdurrettn@exblog.jp,Genderfluid,Marketing,895390,Georgian,Avignon,France
25,Bobbee,Linnitt,blinnitto@1688.com,Female,Marketing,137077,West Frisian,Minneapolis,United States
26,Fin,Ruane,fruanep@sitemeter.com,Genderqueer,Human Resources,446416,Guaraní,Rueil-Malmaison,France
27,Buddie,Eaton,beatonq@a8.net,Female,Support,44465,French,Detroit,United States
28,Harry,Ferson,hfersonr@naver.com,Male,Legal,273729,Lao,Taverny,France
29,Shellie,Brimacombe,sbrimacombes@yahoo.co.jp,Agender,Training,1316779,French,Columbus,United States
30,Cynde,Philbrook,cphilbrookt@mac.com,Agender,Marketing,392291,Malayalam,Aix-en-Provence,France
31,Renato,Gorvin,rgorvinu@qq.com,Agender,Research and Development,1148022,Kazakh,Plérin,France
32,Joelynn,Kingsnoad,jkingsnoadv@prlog.org,Genderfluid,Legal,1197458,Chinese,Cedar Rapids,United States
33,Paolo,Burgh,pburghw@dagondesign.com,Non-binary,Engineering,438302,English,Landivisiau,France
34,Alexei,Adenet,aadenetx@yahoo.co.jp,Genderqueer,Training,1409971,Persian,Sainte-Luce-sur-Loire,France
35,Winna,Brettle,wbrettley@cam.ac.uk,Female,Training,724047,Haitian Creole,Maisons-Alfort,France
36,Tiffi,Jeannaud,tjeannaudz@businesswire.com,Polygender,Marketing,953321,Ndebele,Saint-Pierre-des-Corps,France
37,Joshuah,David,jdavid10@oakley.com,Agender,Training,790775,Thai,Lansing,United States
38,Munmro,Seawright,mseawright11@hexun.com,Male,Research and Development,828464,Croatian,Villeneuve-lès-Avignon,France
39,Harvey,Dumbare,hdumbare12@ustream.tv,Polygender,Accounting,1082154,Quechua,Châteauroux,France
40,Donalt,Worsall,dworsall13@furl.net,Polygender,Engineering,1106736,Mongolian,Decatur,United States
41,Thekla,Antyukhin,tantyukhin14@trellian.com,Male,Sales,58372,Swedish,Nantes,France
42,Dwayne,Simison,dsimison15@wikispaces.com,Polygender,Sales,1259673,Chinese,Pittsburgh,United States
43,Bianca,Govenlock,bgovenlock16@latimes.com,Non-binary,Human Resources,84332,Dari,Bagnères-de-Bigorre,France
44,Alexandro,Amerighi,aamerighi17@paginegialle.it,Polygender,Accounting,1008414,Tsonga,Cergy-Pontoise,France
45,Kelvin,Fundell,kfundell18@independent.co.uk,Male,Marketing,767679,Indonesian,Houilles,France
46,Kippy,Mogg,kmogg19@yellowpages.com,Polygender,Engineering,1407534,Montenegrin,Bloomington,United States
47,Carita,Drage,cdrage1a@weibo.com,Male,Sales,229949,Sotho,Bordeaux,France
48,Engelbert,Whellams,ewhellams1b@yahoo.com,Genderqueer,Services,208684,Swedish,Oklahoma City,United States
49,Gar,Josowitz,gjosowitz1c@hao123.com,Non-binary,Legal,437846,Croatian,Arlington,United States
50,Leda,Tampen,ltampen1d@wordpress.com,Genderqueer,Services,602732,Tamil,Millau,France
51,Natalie,Breitler,nbreitler1e@exblog.jp,Polygender,Engineering,583391,Marathi,Mayenne,France
52,Lotty,McCritichie,lmccritichie1f@state.gov,Non-binary,Research and Development,275029,Kannada,Digne-les-Bains,France
53,Ethe,Kaesmakers,ekaesmakers1g@dedecms.com,Bigender,Accounting,405981,Fijian,Seattle,United States
54,Efrem,Asple,easple1h@fda.gov,Female,Marketing,982264,Dhivehi,Fontenay-sous-Bois,France
55,Dorthy,Lassell,dlassell1i@parallels.com,Genderqueer,Training,357388,Filipino,Chantepie,France
56,Deidre,Monckton,dmonckton1j@sakura.ne.jp,Agender,Business Development,907135,Japanese,Saint-Julien-en-Genevois,France
57,Andris,Sarah,asarah1k@usda.gov,Agender,Business Development,500926,Montenegrin,Grand Rapids,United States
58,Dominick,Wilsey,dwilsey1l@naver.com,Female,Training,989123,Malagasy,La Gacilly,France
59,Corbet,Bysouth,cbysouth1m@trellian.com,Non-binary,Support,1296085,German,L'Aigle,France
60,Cilka,Blundel,cblundel1n@shinystat.com,Genderfluid,Legal,213654,Kazakh,Schiltigheim,France
61,Aguste,Vesque,avesque1o@umn.edu,Non-binary,Human Resources,1212777,Quechua,Wissous,France
62,Lori,Lightbourn,llightbourn1p@photobucket.com,Non-binary,Engineering,962580,Luxembourgish,Tulsa,United States
63,Cass,Yacobsohn,cyacobsohn1q@pagesperso-orange.fr,Agender,Marketing,541114,Tetum,Tulsa,United States
64,Alwyn,Rolland,arolland1r@hibu.com,Non-binary,Human Resources,1253630,Burmese,Sacramento,United States
65,Thorn,Jansa,tjansa1s@t.co,Agender,Legal,332507,Amharic,Jamaica,United States
66,Sashenka,Tuckerman,stuckerman1t@moonfruit.com,Agender,Training,249818,Amharic,Reims,France
67,Tabby,Order,torder1u@uiuc.edu,Genderfluid,Research and Development,885751,Gagauz,Springfield,United States
68,Lowell,Allbut,lallbut1v@dot.gov,Male,Training,1312785,Estonian,Marne-la-Vallée,France
69,Abdul,Blown,ablown1w@weather.com,Agender,Human Resources,483112,Marathi,Cincinnati,United States
70,Carolina,Evemy,cevemy1x@virginia.edu,Genderqueer,Support,1278677,Malagasy,Akron,United States
71,Marita,Torn,mtorn1y@stanford.edu,Genderqueer,Product Management,505274,Oriya,Detroit,United States
72,Lilllie,Salman,lsalman1z@youtube.com,Bigender,Services,1428070,Macedonian,San Jose,United States
73,Peyter,Puckinghorne,ppuckinghorne20@uiuc.edu,Female,Training,668192,Malayalam,Cergy-Pontoise,France
74,Schuyler,Shuttlewood,sshuttlewood21@cpanel.net,Polygender,Legal,863079,Assamese,Little Rock,United States
75,Jessy,McAviy,jmcaviy22@acquirethisname.com,Non-binary,Human Resources,1253321,Indonesian,Birmingham,United States
76,Blanca,Newlands,bnewlands23@nifty.com,Genderqueer,Accounting,778854,Northern Sotho,Bourges,France
77,Robbin,Boylin,rboylin24@google.it,Polygender,Training,893012,Northern Sotho,Amiens,France
78,Vincenty,Pratty,vpratty25@indiatimes.com,Bigender,Support,1257104,Swati,Pittsburgh,United States
79,Ezekiel,Navarre,enavarre26@webmd.com,Male,Training,523444,Danish,Toul,France
80,Randolf,Bande,rbande27@sbwire.com,Female,Product Management,805039,Kashmiri,Fécamp,France
81,Katleen,Houchen,khouchen28@t.co,Female,Support,1124600,Bosnian,Chicago,United States
82,Anallise,Denyagin,adenyagin29@vistaprint.com,Genderqueer,Marketing,138258,Albanian,Port-de-Bouc,France
83,Lura,Millson,lmillson2a@imgur.com,Female,Sales,1141650,Luxembourgish,Toulon,France
84,Bay,Ebdin,bebdin2b@ox.ac.uk,Female,Marketing,1177063,Armenian,Vagney,France
85,Thaddus,Storms,tstorms2c@nymag.com,Genderqueer,Research and Development,384649,Bosnian,Toulon,France
86,Arnold,Hugli,ahugli2d@symantec.com,Female,Business Development,1340926,Romanian,Bordeaux,France
87,Toiboid,Bruntje,tbruntje2e@theatlantic.com,Agender,Sales,544738,Guaraní,Phoenix,United States
88,Rubetta,Linge,rlinge2f@so-net.ne.jp,Male,Accounting,119330,Gagauz,Richmond,United States
89,Effie,Hollingshead,ehollingshead2g@google.com.au,Genderqueer,Legal,787951,Swati,Beaufort,United States
90,Berri,McNeely,bmcneely2h@mtv.com,Bigender,Human Resources,411770,Zulu,Firminy,France
91,Terrell,Czaja,tczaja2i@unesco.org,Male,Engineering,1196547,Kazakh,Mantes-la-Jolie,France
92,Ashla,Aimable,aaimable2j@alexa.com,Genderfluid,Services,537323,Belarusian,Saint-Ouen,France
93,Bud,Siemens,bsiemens2k@woothemes.com,Bigender,Sales,327388,Telugu,Orléans,France
94,Kerianne,Barles,kbarles2l@mayoclinic.com,Agender,Business Development,1084343,Swahili,Rennes,France
95,Billy,Kobpa,bkobpa2m@mapy.cz,Female,Business Development,907294,Quechua,Poitiers,France
96,Maison,Frude,mfrude2n@indiegogo.com,Polygender,Human Resources,421971,Khmer,Angoulême,France
97,Goober,Dallimare,gdallimare2o@blog.com,Male,Product Management,1211245,Malay,Orléans,France
98,Gusty,Leveritt,gleveritt2p@t-online.de,Agender,Product Management,805890,Tswana,Strasbourg,France
99,Tanney,Comerford,tcomerford2q@wikimedia.org,Bigender,Legal,17800,Icelandic,Provins,France
100,Laryssa,Allington,lallington2r@furl.net,Female,Business Development,771257,Malayalam,Béziers,France
101,Dianna,Wintle,dwintle2s@ycombinator.com,Male,Product Management,488545,Chinese,Berlin,Germany
102,Jarrod,Morillas,jmorillas2t@bluehost.com,Genderfluid,Training,1307051,Fijian,Poitiers,France
103,Carry,Wetton,cwetton2u@un.org,Bigender,Legal,117859,Chinese,Grenoble,France
104,Blaine,Forre,bforre2v@google.it,Male,Services,1193603,Tajik,Orange,United States
105,Goran,Iashvili,giashvili2w@pinterest.com,Bigender,Support,188375,Bosnian,Charlotte,United States
106,Anstice,Halgarth,ahalgarth2x@un.org,Agender,Marketing,247068,Telugu,Saint-Laurent-Blangy,France
107,Eugene,Goldstein,egoldstein2y@alexa.com,Agender,Accounting,810780,Polish,Hanau,Germany
108,Agnola,Donkersley,adonkersley2z@fastcompany.com,Non-binary,Marketing,1284714,Burmese,Abu Dhabi,United Arab Emirates
109,Dorey,Udell,dudell30@disqus.com,Female,Accounting,271043,English,Bremen,Germany
110,Jennifer,Meijer,jmeijer31@google.pl,Genderqueer,Legal,1105406,Dzongkha,Champagnole,France
111,Esmaria,Le Estut,eleestut32@lycos.com,Bigender,Sales,1064597,Moldovan,Berlin,Germany
112,Andria,Kelling,akelling33@webmd.com,Genderqueer,Legal,611311,Indonesian,Rockford,United States
113,Iggy,Webber,iwebber34@slate.com,Polygender,Marketing,1140802,Dutch,Paris 13,France
114,Feodor,Chastaing,fchastaing35@independent.co.uk,Agender,Services,1376496,Telugu,Denver,United States
115,Ellene,Bauldrey,ebauldrey36@creativecommons.org,Genderfluid,Services,1322101,Kurdish,Rouen,France
116,Clarie,Royce,croyce37@examiner.com,Female,Services,609177,Bosnian,Düsseldorf,Germany
117,Brear,Peterffy,bpeterffy38@cocolog-nifty.com,Genderqueer,Marketing,1194894,Hiri Motu,Thouars,France
118,Eleanora,Althorpe,ealthorpe39@odnoklassniki.ru,Genderqueer,Marketing,1138061,Quechua,Topeka,United States
119,Artur,Soldan,asoldan3a@networkadvertising.org,Male,Services,590152,Spanish,Quimper,France
120,Melania,Gould,mgould3b@miitbeian.gov.cn,Bigender,Business Development,567156,Georgian,Brooklyn,United States
121,Latia,Avo,lavo3c@canalblog.com,Non-binary,Research and Development,1356179,Zulu,Kansas City,United States
122,Rabbi,Lomas,rlomas3d@naver.com,Genderqueer,Accounting,205536,Punjabi,Cannes,France
123,Joanie,Fownes,jfownes3e@mit.edu,Polygender,Services,687654,Swedish,Limoges,France
124,Lurlene,Suarez,lsuarez3f@wikimedia.org,Genderfluid,Engineering,848943,Malayalam,Épinal,France
125,Joice,Maccrea,jmaccrea3g@irs.gov,Female,Sales,419495,Swedish,San Antonio,United States
126,Naoma,Godbert,ngodbert3h@dagondesign.com,Bigender,Legal,1238152,Albanian,Roissy Charles-de-Gaulle,France
127,Petronella,Keirle,pkeirle3i@mail.ru,Genderqueer,Sales,399625,Aymara,Albany,United States
128,Ginevra,Grzegorek,ggrzegorek3j@joomla.org,Genderfluid,Accounting,1255240,Zulu,Baton Rouge,United States
129,Joannes,Behning,jbehning3k@over-blog.com,Bigender,Engineering,747806,Macedonian,Bonneuil-sur-Marne,France
130,Englebert,Diloway,ediloway3l@irs.gov,Genderfluid,Accounting,1095708,Kazakh,Aime,France
131,Ellene,Ashfull,eashfull3m@infoseek.co.jp,Male,Research and Development,69070,Persian,Mulhouse,France
132,Eran,Wenzel,ewenzel3n@cnbc.com,Non-binary,Services,953696,Tajik,La Valette-du-Var,France
133,Bevin,Bercher,bbercher3o@yellowpages.com,Bigender,Accounting,64503,Chinese,Verdun,France
134,Merrile,Merida,mmerida3p@wikimedia.org,Agender,Product Management,669247,Gujarati,Maisons-Laffitte,France
135,Mirelle,Kopta,mkopta3q@sina.com.cn,Genderfluid,Accounting,1309138,Guaraní,Quimper,France
136,Kalie,Castillon,kcastillon3r@ow.ly,Non-binary,Support,630964,Telugu,Boston,United States
137,Brand,Pane,bpane3s@phpbb.com,Female,Product Management,77457,Kannada,Grand Junction,United States
138,Hodge,Djokic,hdjokic3t@lulu.com,Non-binary,Accounting,77468,Persian,Clearwater,United States
139,Joey,Pettko,jpettko3u@purevolume.com,Polygender,Human Resources,195283,Burmese,Brest,France
140,Hadlee,MacKellen,hmackellen3v@abc.net.au,Genderqueer,Sales,944703,Somali,Cholet,France
141,Annnora,Elliston,aelliston3w@mozilla.com,Agender,Research and Development,164950,Lithuanian,Kassel,Germany
142,Jessamine,Kirstein,jkirstein3x@oracle.com,Male,Training,43250,Mongolian,Huntington,United States
143,Marguerite,Gristhwaite,mgristhwaite3y@ihg.com,Bigender,Engineering,798433,Lithuanian,Angers,France
144,Marina,Pinckney,mpinckney3z@spiegel.de,Non-binary,Accounting,647479,Montenegrin,Montauban,France
145,Gilemette,Fiddian,gfiddian40@shutterfly.com,Non-binary,Product Management,107908,New Zealand Sign Language,Le Mans,France
146,Greggory,Kincaid,gkincaid41@hc360.com,Male,Services,1307813,Georgian,Paris 01,France
147,Cicily,Blanc,cblanc42@deliciousdays.com,Genderqueer,Marketing,1383021,Polish,Lille,France
148,Rowena,Renshell,rrenshell43@unicef.org,Bigender,Marketing,1437169,Arabic,Dijon,France
149,Feliks,Ollivierre,follivierre44@privacy.gov.au,Male,Marketing,281710,Croatian,Oakland,United States
150,Marlon,Yashin,myashin45@altervista.org,Genderqueer,Services,257342,Malayalam,Newport News,United States
151,Isabelita,Veryard,iveryard46@nba.com,Polygender,Legal,1133882,Tajik,Mesquite,United States
152,Ottilie,Pascall,opascall47@ihg.com,Female,Sales,157051,Hungarian,Crépy-en-Valois,France
153,Wilow,Moatt,wmoatt48@weibo.com,Agender,Training,267651,Korean,Dunkerque,France
154,Murdock,Scading,mscading49@wunderground.com,Male,Product Management,218353,Swati,Paterson,United States
155,Hymie,Jura,hjura4a@ning.com,Polygender,Legal,240945,Spanish,Oakland,United States
156,Aldis,Itzchaki,aitzchaki4b@skyrock.com,Bigender,Engineering,501859,Gujarati,Moissy-Cramayel,France
157,Angelia,Woodcroft,awoodcroft4c@sitemeter.com,Genderfluid,Marketing,512817,Hindi,El Paso,United States
158,Tabb,Metson,tmetson4d@reference.com,Non-binary,Sales,489220,Kannada,Saint-Pierre-des-Corps,France
159,Cletus,Leppo,cleppo4e@gov.uk,Polygender,Human Resources,489254,Montenegrin,Lavaur,France
160,Albertina,Birtles,abirtles4f@php.net,Non-binary,Sales,1011824,Northern Sotho,Birmingham,United States
161,Emmerich,Trumper,etrumper4g@squarespace.com,Genderfluid,Legal,179631,Hindi,Fort Worth,United States
162,Haley,Gowen,hgowen4h@joomla.org,Non-binary,Engineering,118821,Tswana,Villeneuve-la-Garenne,France
163,Warden,Mainson,wmainson4i@exblog.jp,Non-binary,Support,1496924,Dutch,Marmande,France
164,Gwenora,Eard,geard4j@ihg.com,Polygender,Product Management,1462930,Northern Sotho,Clamart,France
165,Manny,Philpin,mphilpin4k@51.la,Bigender,Sales,764113,Somali,Tampa,United States
166,Solomon,Slimon,sslimon4l@amazonaws.com,Polygender,Research and Development,540959,Belarusian,Paris 10,France
167,Cyb,Pickett,cpickett4m@t-online.de,Female,Product Management,749660,Oriya,Houston,United States
168,Brade,Amberson,bamberson4n@people.com.cn,Male,Services,930934,West Frisian,Kansas City,United States
169,Christel,Gann,cgann4o@ezinearticles.com,Genderqueer,Human Resources,672458,Norwegian,Hyères,France
170,Desdemona,Swindlehurst,dswindlehurst4p@elegantthemes.com,Bigender,Business Development,472247,Danish,Beaumont,United States
171,Onfroi,Pointer,opointer4q@squidoo.com,Female,Support,156052,Hiri Motu,Lexington,United States
172,Portia,Mellon,pmellon4r@blinklist.com,Bigender,Marketing,650564,Bengali,Dallas,United States
173,Persis,Chancellor,pchancellor4s@taobao.com,Polygender,Engineering,499519,Gujarati,Angoulême,France
174,Martie,Moylan,mmoylan4t@amazon.com,Genderfluid,Sales,1271646,Georgian,Huntington Beach,United States
175,Elena,Hollyman,ehollyman4u@squidoo.com,Non-binary,Human Resources,435830,Tswana,Denton,United States
176,Rodrick,Cristofvao,rcristofvao4v@blogger.com,Non-binary,Human Resources,690994,Italian,Bayonne,France
177,Lilllie,Woollaston,lwoollaston4w@parallels.com,Polygender,Services,210019,Greek,Lyon,France
178,Jerad,Le Claire,jleclaire4x@topsy.com,Genderqueer,Business Development,1045668,Armenian,Vedène,France
179,Saw,Wymer,swymer4y@theguardian.com,Agender,Training,190109,Malagasy,Lees Summit,United States
180,Jecho,Schimonek,jschimonek4z@yahoo.co.jp,Male,Research and Development,165255,German,Méru,France
181,Cly,Hullins,chullins50@go.com,Female,Legal,642928,Thai,Lancaster,United States
182,Yoshiko,Byron,ybyron51@ifeng.com,Female,Product Management,682153,Haitian Creole,Valence,France
183,Karilynn,Fossey,kfossey52@apple.com,Genderqueer,Support,981789,Bengali,Bordeaux,France
184,Henri,Bresner,hbresner53@usnews.com,Non-binary,Marketing,1112630,Bislama,La Tour-du-Pin,France
185,Rowena,Barbara,rbarbara54@phpbb.com,Agender,Human Resources,1358304,Latvian,Limoges,France
186,Caralie,Carratt,ccarratt55@sphinn.com,Male,Sales,466478,Bosnian,Fort Wayne,United States
187,Gasparo,Winterton,gwinterton56@about.com,Non-binary,Research and Development,660785,Hebrew,Montgomery,United States
188,Hubey,Perazzo,hperazzo57@nymag.com,Female,Sales,610418,Hindi,Cergy-Pontoise,France
189,Jerri,Prandoni,jprandoni58@elegantthemes.com,Bigender,Research and Development,614064,Pashto,Strasbourg,France
190,Duke,Coyish,dcoyish59@blogspot.com,Genderfluid,Engineering,537666,Moldovan,Lucé,France
191,Darleen,Blackler,dblackler5a@storify.com,Polygender,Product Management,700452,Lao,Rueil-Malmaison,France
192,Muhammad,Wintringham,mwintringham5b@slideshare.net,Genderfluid,Accounting,991032,Lithuanian,Hannover,Germany
193,Ailee,Hesbrook,ahesbrook5c@myspace.com,Non-binary,Accounting,538177,English,Los Angeles,United States
194,Leona,Barthot,lbarthot5d@simplemachines.org,Genderfluid,Business Development,101134,Azeri,Los Angeles,United States
195,Clementine,Schole,cschole5e@purevolume.com,Agender,Business Development,1036532,Norwegian,Futuroscope,France
196,Austen,Wilmott,awilmott5f@cocolog-nifty.com,Polygender,Human Resources,739327,Italian,Poitiers,France
197,Sonya,Upchurch,supchurch5g@archive.org,Agender,Engineering,434521,Zulu,Bryan,United States
198,Cyndie,Eaglesham,ceaglesham5h@trellian.com,Non-binary,Research and Development,973706,Malay,Frankfurt am Main,Germany
199,Clari,Krzyzaniak,ckrzyzaniak5i@auda.org.au,Genderqueer,Support,1094687,Pashto,Reims,France
200,Iggie,Dilston,idilston5j@furl.net,Genderqueer,Accounting,1359135,Tswana,Saint-Claude,France
201,Marjorie,Castleman,mcastleman5k@1688.com,Agender,Business Development,767197,Swahili,Houston,United States
202,Artur,Halso,ahalso5l@google.ca,Polygender,Engineering,873377,Bislama,Berlin,Germany
203,Gerry,McCobb,gmccobb5m@eepurl.com,Genderqueer,Research and Development,167729,Georgian,Strasbourg,France
204,Cash,Aspland,caspland5n@qq.com,Female,Business Development,780708,Telugu,Seminole,United States
205,Katleen,Fivey,kfivey5o@so-net.ne.jp,Genderfluid,Marketing,153402,Filipino,Châteauroux,France
206,Edeline,Warsop,ewarsop5p@spiegel.de,Genderqueer,Services,20319,Filipino,San Diego,United States
207,Cecelia,Tedahl,ctedahl5q@rediff.com,Female,Services,156371,Norwegian,Croix,France
208,Philippe,Yantsurev,pyantsurev5r@hao123.com,Female,Legal,806994,Bulgarian,Charleville-Mézières,France
209,Matthaeus,Stihl,mstihl5s@opensource.org,Polygender,Sales,974041,Estonian,Pont-Audemer,France
210,Ralph,Poles,rpoles5t@last.fm,Genderqueer,Product Management,291146,Guaraní,Montceau-les-Mines,France
211,Ivette,Spiers,ispiers5u@nydailynews.com,Genderqueer,Support,844474,Portuguese,Amarillo,United States
212,Rosita,Brannan,rbrannan5v@mayoclinic.com,Non-binary,Business Development,884965,Northern Sotho,Honolulu,United States
213,Delano,Gaskell,dgaskell5w@dell.com,Bigender,Marketing,1438504,Hebrew,Chicago,United States
214,Darla,Deyenhardt,ddeyenhardt5x@guardian.co.uk,Genderfluid,Support,1485202,Northern Sotho,Huntington,United States
215,Kizzee,Gostridge,kgostridge5y@unc.edu,Genderfluid,Support,331860,Gujarati,Stuttgart,Germany
216,Dominique,Benko,dbenko5z@loc.gov,Male,Legal,1489472,Italian,Cluses,France
217,Keriann,Gillice,kgillice60@edublogs.org,Polygender,Engineering,1019322,Dari,Paris 20,France
218,Madelaine,Prahm,mprahm61@accuweather.com,Female,Legal,1053502,Ndebele,Waterbury,United States
219,Serena,Muggach,smuggach62@shinystat.com,Female,Services,1266615,Romanian,Atlanta,United States
220,Calv,MacLaverty,cmaclaverty63@yellowpages.com,Female,Engineering,1387738,Kashmiri,Saint-Maixent-l'École,France
221,Archaimbaud,Duerdin,aduerdin64@topsy.com,Genderqueer,Human Resources,1041332,Tajik,Paris 20,France
222,Tammi,Pic,tpic65@nyu.edu,Male,Human Resources,792841,Mongolian,Berlin,Germany
223,Lucho,Cornelissen,lcornelissen66@businessinsider.com,Polygender,Accounting,1094311,Armenian,Creil,France
224,Verina,Dunbavin,vdunbavin67@google.cn,Agender,Research and Development,738210,Swedish,Hartford,United States
225,Derron,Charlin,dcharlin68@si.edu,Agender,Research and Development,1042678,Ndebele,Lexington,United States
226,Anna-diane,Dearden,adearden69@npr.org,Female,Services,882087,Azeri,Albany,United States
227,Foss,Fish,ffish6a@yellowbook.com,Genderqueer,Human Resources,1436561,Indonesian,Creil,France
228,Arnold,Fison,afison6b@mediafire.com,Genderqueer,Accounting,1070230,Belarusian,Dayton,United States
229,Joellyn,Fleming,jfleming6c@sogou.com,Male,Services,16740,Hebrew,Lisieux,France
230,Daryle,Ussher,dussher6d@uol.com.br,Non-binary,Accounting,843678,Tok Pisin,Alexandria,United States
231,Malcolm,Ilyas,milyas6e@blog.com,Genderqueer,Sales,785195,West Frisian,Berlin,Germany
232,Jules,Gianiello,jgianiello6f@utexas.edu,Polygender,Support,297773,Kurdish,Arlington,United States
233,Guillemette,Camamile,gcamamile6g@reference.com,Bigender,Business Development,58290,Tok Pisin,Rouen,France
234,Dorie,Barthelemy,dbarthelemy6h@ca.gov,Agender,Accounting,1475555,Afrikaans,Paris 01,France
235,Inga,Tullett,itullett6i@tripod.com,Agender,Training,917584,Indonesian,Cincinnati,United States
236,Candace,Rother,crother6j@vistaprint.com,Male,Support,937413,Bengali,Halle,Germany
237,Bette,Cammack,bcammack6k@twitpic.com,Genderqueer,Support,1219944,Zulu,Milwaukee,United States
238,Ferne,Tift,ftift6l@bing.com,Female,Legal,1219811,Spanish,Philadelphia,United States
239,Garrik,Estabrook,gestabrook6m@cargocollective.com,Genderfluid,Human Resources,782212,Afrikaans,Vannes,France
240,Fernandina,Touret,ftouret6n@google.ru,Female,Accounting,716476,Somali,Fort Lauderdale,United States
241,Brina,Bulgen,bbulgen6o@wunderground.com,Non-binary,Marketing,193017,French,Courtaboeuf,France
242,Costa,Grabbam,cgrabbam6p@edublogs.org,Male,Human Resources,535046,Hebrew,Châtillon,France
243,Mauricio,Bennetto,mbennetto6q@twitpic.com,Polygender,Research and Development,1408897,Tswana,Istres,France
244,Tan,Shoppee,tshoppee6r@github.io,Agender,Legal,1467195,Tok Pisin,Detroit,United States
245,Emelen,Top,etop6s@weather.com,Genderqueer,Business Development,1250898,Montenegrin,Saint-Laurent-du-Var,France
246,Harlen,Colliver,hcolliver6t@ebay.com,Polygender,Human Resources,1399596,Haitian Creole,Khawr Fakkān,United Arab Emirates
247,Taite,Paulo,tpaulo6u@ft.com,Bigender,Engineering,140786,German,Vannes,France
248,Loralyn,Matovic,lmatovic6v@histats.com,Polygender,Sales,780093,Punjabi,Mainz,Germany
249,Roze,Arbon,rarbon6w@yellowpages.com,Polygender,Training,813328,Somali,Marne-la-Vallée,France
250,Julius,Akam,jakam6x@unesco.org,Genderfluid,Accounting,606161,Kyrgyz,Blois,France
251,Ellissa,Chelnam,echelnam6y@twitpic.com,Non-binary,Legal,1011954,Swedish,Los Angeles,United States
252,Brandice,Wellwood,bwellwood6z@shareasale.com,Genderfluid,Support,93115,Somali,Whittier,United States
253,Darci,Sketcher,dsketcher70@joomla.org,Male,Sales,1065373,Pashto,Belfort,France
254,Dougie,Tamas,dtamas71@csmonitor.com,Agender,Engineering,937593,Macedonian,Seattle,United States
255,Barbey,By,bby72@zdnet.com,Female,Support,778514,Zulu,Thaon-les-Vosges,France
256,Birgitta,Gavagan,bgavagan73@blinklist.com,Bigender,Research and Development,464337,Punjabi,Topeka,United States
257,Terrance,Chason,tchason74@admin.ch,Genderqueer,Training,594152,Aymara,Stuttgart,Germany
258,Albertine,Bicker,abicker75@economist.com,Female,Business Development,1445087,Northern Sotho,Fort Worth,United States
259,Courtenay,Lyons,clyons76@goo.gl,Genderfluid,Research and Development,299363,Czech,Tulsa,United States
260,Cybil,Walthall,cwalthall77@github.com,Female,Accounting,982450,Indonesian,Clearwater,United States
261,Shayne,Mancell,smancell78@shareasale.com,Polygender,Business Development,115791,Japanese,Dijon,France
262,Moshe,Noods,mnoods79@indiegogo.com,Genderfluid,Support,611762,Punjabi,Erie,United States
263,Eadmund,Newlan,enewlan7a@google.com,Genderqueer,Legal,1286158,Hiri Motu,Montbéliard,France
264,Marys,Dewhirst,mdewhirst7b@virginia.edu,Polygender,Product Management,1325934,Luxembourgish,Columbus,United States
265,Nadeen,Reichelt,nreichelt7c@newyorker.com,Male,Engineering,92527,Sotho,Louisville,United States
266,Letti,Billings,lbillings7d@devhub.com,Bigender,Marketing,563224,Gujarati,Marseille,France
267,Willie,Brownsea,wbrownsea7e@time.com,Male,Business Development,347232,Ndebele,Évreux,France
268,Renae,Kilbane,rkilbane7f@wordpress.com,Male,Engineering,296492,Hebrew,Marseille,France
269,Lauralee,Catcherside,lcatcherside7g@nbcnews.com,Non-binary,Human Resources,911256,Hiri Motu,Hendaye,France
270,Elvin,Hodgon,ehodgon7h@netlog.com,Male,Accounting,207592,Thai,New York City,United States
271,Myrilla,Fountaine,mfountaine7i@ftc.gov,Genderfluid,Engineering,810334,Fijian,Dinan,France
272,Sheela,ducarme,sducarme7j@google.com.au,Female,Support,1099366,Armenian,Toulouse,France
273,Kirk,Henrys,khenrys7k@tiny.cc,Polygender,Accounting,1470148,Mongolian,Ivry-sur-Seine,France
274,Jacky,Croal,jcroal7l@reddit.com,Bigender,Training,1486223,Swedish,Lille,France
275,Geri,Paynter,gpaynter7m@webnode.com,Female,Sales,394026,Punjabi,Évry,France
276,Catie,Janu,cjanu7n@cdc.gov,Bigender,Legal,1041215,Lithuanian,Washington,United States
277,Osbourne,Collyns,ocollyns7o@discovery.com,Polygender,Research and Development,448084,Mongolian,Saint Petersburg,United States
278,Rolando,Evesque,revesque7p@istockphoto.com,Bigender,Engineering,1349637,Malayalam,Montpellier,France
279,Rockey,Playle,rplayle7q@people.com.cn,Agender,Research and Development,1414182,Gagauz,Caen,France
280,George,Nicklin,gnicklin7r@umn.edu,Female,Training,350306,Kannada,Fresnes,France
281,Patrizia,Orr,porr7s@tuttocitta.it,Bigender,Research and Development,579145,Romanian,Bobigny,France
282,Aubrey,Ardley,aardley7t@cpanel.net,Female,Sales,1394396,Georgian,Fairbanks,United States
283,Renate,Liff,rliff7u@posterous.com,Male,Engineering,1421197,Tok Pisin,Paris La Défense,France
284,Cassy,Gilstin,cgilstin7v@networksolutions.com,Genderqueer,Marketing,1415840,Hungarian,Aix-en-Provence,France
285,Dorthy,Furley,dfurley7w@ifeng.com,Polygender,Research and Development,1236411,Malagasy,Tallahassee,United States
286,Carolan,Perfitt,cperfitt7x@amazon.co.uk,Bigender,Marketing,179217,Bosnian,Fort Smith,United States
287,Elizabet,Clewer,eclewer7y@vkontakte.ru,Non-binary,Marketing,1062229,Lao,Minneapolis,United States
288,Shaylyn,Kenzie,skenzie7z@sbwire.com,Agender,Business Development,145778,Montenegrin,Roubaix,France
289,Stanleigh,Tille,stille80@photobucket.com,Polygender,Legal,854332,Gagauz,Arras,France
290,Willem,Tewelson,wtewelson81@cmu.edu,Female,Training,241788,Hebrew,Saint-Jouan-des-Guérets,France
291,Jaquenetta,Kentwell,jkentwell82@ucla.edu,Genderfluid,Legal,638807,Italian,Charleston,United States
292,Carey,Hantusch,chantusch83@pinterest.com,Female,Product Management,1052146,Fijian,Quimper,France
293,Papageno,Davidi,pdavidi84@nifty.com,Bigender,Support,1366437,Punjabi,Bordeaux,France
294,Amandie,Pawel,apawel85@de.vu,Female,Accounting,1356498,Yiddish,Berlin,Germany
295,Karlotta,Bridgwater,kbridgwater86@umn.edu,Bigender,Product Management,862839,Bislama,Levallois-Perret,France
296,Siobhan,Laye,slaye87@t-online.de,Non-binary,Sales,788580,Maltese,Hamburg,Germany
297,Lynn,Cotherill,lcotherill88@ebay.co.uk,Bigender,Engineering,415482,Luxembourgish,Dayton,United States
298,Glenda,Ritmeier,gritmeier89@theatlantic.com,Polygender,Services,371881,Azeri,Orléans,France
299,Aurilia,Imms,aimms8a@comsenz.com,Female,Support,879011,Swedish,Castres,France
300,April,Ickovic,aickovic8b@wp.com,Polygender,Marketing,229387,Yiddish,New York City,United States
301,Tamma,Lyddon,tlyddon8c@slideshare.net,Agender,Product Management,192572,Kurdish,Champaign,United States
302,Ki,Pepye,kpepye8d@wikia.com,Non-binary,Training,40460,Lithuanian,Paris 11,France
303,Tammie,Thorp,tthorp8e@independent.co.uk,Bigender,Research and Development,1032817,Nepali,Bondy,France
304,Alaric,Gowing,agowing8f@bing.com,Polygender,Support,769198,Swedish,Hamburg,Germany
305,Geno,Roust,groust8g@google.it,Genderqueer,Legal,1190124,Hebrew,Saint Joseph,United States
306,Gaby,Mithan,gmithan8h@toplist.cz,Agender,Business Development,205128,Hebrew,Vendargues,France
307,Stephani,Pettipher,spettipher8i@soundcloud.com,Polygender,Training,78900,Punjabi,Digne-les-Bains,France
308,Arliene,Dives,adives8j@zdnet.com,Male,Services,1472951,Dutch,Pouzauges,France
309,Delcine,Levicount,dlevicount8k@xinhuanet.com,Bigender,Training,12727,Bengali,Leipzig,Germany
310,Valle,Widdowes,vwiddowes8l@issuu.com,Polygender,Sales,784957,Arabic,Montfavet,France
311,Harold,Ablott,hablott8m@hostgator.com,Genderfluid,Business Development,282002,German,San Diego,United States
312,Gran,Cash,gcash8n@senate.gov,Bigender,Sales,1220001,Armenian,Columbus,United States
313,Jilli,Caddan,jcaddan8o@jimdo.com,Genderqueer,Support,949341,Gujarati,Nîmes,France
314,Udall,Lampl,ulampl8p@tinypic.com,Non-binary,Services,560613,Armenian,Louisville,United States
315,Cindelyn,Hanne,channe8q@house.gov,Genderqueer,Human Resources,145137,Northern Sotho,Topeka,United States
316,Ninon,Alliker,nalliker8r@biblegateway.com,Genderfluid,Human Resources,54408,Catalan,Beaune,France
317,Jeannie,Benedetti,jbenedetti8s@sciencedaily.com,Female,Support,184329,Dhivehi,Düsseldorf,Germany
318,Dana,Nabarro,dnabarro8t@quantcast.com,Genderfluid,Research and Development,490218,Azeri,München,Germany
319,Karyl,Lippard,klippard8u@icq.com,Agender,Support,436838,Tetum,Cincinnati,United States
320,Ardeen,Wilding,awilding8v@squidoo.com,Female,Legal,218275,Tok Pisin,Noailles,France
321,Cass,Tufts,ctufts8w@drupal.org,Genderqueer,Services,1431343,Dari,Carrières-sur-Seine,France
322,Atlanta,McCandie,amccandie8x@ca.gov,Female,Support,1109762,Amharic,Los Angeles,United States
323,Dicky,Pavese,dpavese8y@wikispaces.com,Agender,Accounting,439719,Swahili,Châlons-en-Champagne,France
324,Carolan,Gorwood,cgorwood8z@yellowpages.com,Bigender,Research and Development,407644,Lao,Vancouver,United States
325,Kort,Gascoigne,kgascoigne90@scribd.com,Polygender,Legal,148034,Malagasy,Billère,France
326,Eydie,Derham,ederham91@washingtonpost.com,Male,Accounting,880975,Georgian,Besançon,France
327,Iggy,Dudny,idudny92@businessinsider.com,Male,Product Management,1030366,German,Digne-les-Bains,France
328,Germayne,Cartmill,gcartmill93@artisteer.com,Bigender,Accounting,680462,Ndebele,Minneapolis,United States
329,Nonnah,Jelk,njelk94@is.gd,Female,Training,1389089,Spanish,Houston,United States
330,Fidelity,Elliott,felliott95@amazon.co.jp,Male,Training,1254219,Swedish,Stockton,United States
331,Duffie,Vannuchi,dvannuchi96@irs.gov,Genderfluid,Legal,249274,Swahili,Pamiers,France
332,Georgetta,Root,groot97@ask.com,Bigender,Support,484360,Danish,Montgomery,United States
333,Bernardine,Titchard,btitchard98@rediff.com,Polygender,Human Resources,104275,Irish Gaelic,Gary,United States
334,Jennie,Ruoss,jruoss99@wisc.edu,Polygender,Sales,743860,Marathi,Locminé,France
335,L;urette,Mole,lmole9a@mac.com,Agender,Business Development,766653,Gagauz,Nice,France
336,Melisse,Pickles,mpickles9b@blogspot.com,Bigender,Marketing,101672,Malayalam,Erfurt,Germany
337,Marketa,Alkin,malkin9c@fc2.com,Female,Accounting,121941,Irish Gaelic,Aix-en-Provence,France
338,Eamon,Banton,ebanton9d@goodreads.com,Non-binary,Support,614195,Aymara,Rochester,United States
339,Stormie,Renol,srenol9e@myspace.com,Genderfluid,Human Resources,826896,Czech,Nice,France
340,Collie,Matthis,cmatthis9f@xrea.com,Non-binary,Business Development,434999,Haitian Creole,Oakland,United States
341,Friedrick,Farnan,ffarnan9g@alexa.com,Agender,Marketing,572508,Oriya,Amarillo,United States
342,Ardenia,Ivery,aivery9h@quantcast.com,Female,Product Management,1051284,Tsonga,El Paso,United States
343,Jacynth,Widmoor,jwidmoor9i@list-manage.com,Male,Accounting,1197650,Hungarian,Créteil,France
344,Olav,Legrand,olegrand9j@microsoft.com,Genderfluid,Legal,313354,Lithuanian,Courbevoie,France
345,Ester,Corner,ecorner9k@github.io,Bigender,Research and Development,829718,Tok Pisin,Lyon,France
346,Debi,McTague,dmctague9l@google.co.jp,Genderfluid,Training,661474,Polish,Rive-de-Gier,France
347,Elicia,Guise,eguise9m@wikispaces.com,Polygender,Marketing,225331,Marathi,Ar Ruways,United Arab Emirates
348,Bidget,Eaken,beaken9n@skyrock.com,Polygender,Human Resources,1203089,Arabic,Clamart,France
349,Tony,Feldberg,tfeldberg9o@answers.com,Agender,Research and Development,600357,Swati,Simi Valley,United States
350,Calvin,Coles,ccoles9p@upenn.edu,Agender,Human Resources,1448619,Bengali,Whittier,United States
351,Agosto,Krikorian,akrikorian9q@sakura.ne.jp,Bigender,Product Management,328163,Irish Gaelic,Providence,United States
352,Ralina,Allsop,rallsop9r@opera.com,Genderfluid,Human Resources,647539,Guaraní,Lille,France
353,Gawain,Ashbolt,gashbolt9s@google.ru,Female,Legal,565093,Malayalam,Seminole,United States
354,Alejandra,Keneford,akeneford9t@google.co.uk,Male,Engineering,641703,Norwegian,Sacramento,United States
355,Konstance,Yoxall,kyoxall9u@si.edu,Polygender,Accounting,368870,Somali,Beaverton,United States
356,Sabine,Huggill,shuggill9v@vinaora.com,Male,Marketing,758695,New Zealand Sign Language,Düsseldorf,Germany
357,Neddie,Johnstone,njohnstone9w@php.net,Male,Engineering,219596,Yiddish,Katy,United States
358,Cordie,Shepland,cshepland9x@studiopress.com,Bigender,Product Management,525524,Tamil,Carlsbad,United States
359,Sandye,McManamon,smcmanamon9y@sciencedaily.com,Bigender,Product Management,601153,Yiddish,San Jose,United States
360,Yankee,Breming,ybreming9z@dagondesign.com,Agender,Human Resources,460274,Māori,Vesoul,France
361,Cleopatra,Boig,cboiga0@cloudflare.com,Female,Business Development,1135415,Malagasy,Erfurt,Germany
362,Fidelio,Rigmond,frigmonda1@163.com,Bigender,Marketing,376701,Czech,Pouzauges,France
363,Larina,McBrier,lmcbriera2@loc.gov,Genderqueer,Engineering,138509,French,Palaiseau,France
364,Michael,Liddon,mliddona3@virginia.edu,Bigender,Research and Development,698740,Bosnian,Charlotte,United States
365,Jordon,Darben,jdarbena4@mit.edu,Agender,Accounting,426292,Hindi,Bronx,United States
366,Prentice,Martel,pmartela5@storify.com,Agender,Business Development,661141,Amharic,Melbourne,United States
367,Fritz,Blacklidge,fblacklidgea6@flickr.com,Female,Business Development,164506,Papiamento,Le Havre,France
368,Willow,Sachno,wsachnoa7@eventbrite.com,Genderqueer,Legal,1293358,Thai,Rungis,France
369,Nanete,Khomin,nkhomina8@nationalgeographic.com,Genderqueer,Services,1145225,Polish,Saint-Cloud,France
370,Mathian,Oughton,moughtona9@guardian.co.uk,Polygender,Legal,614665,German,Berlin,Germany
371,Laurianne,Goodbanne,lgoodbanneaa@icq.com,Genderfluid,Services,843673,Tswana,Saint-Denis,France
372,Shea,Cham,schamab@mail.ru,Bigender,Human Resources,1146085,Moldovan,Washington,United States
373,Kristofor,Hannah,khannahac@apache.org,Bigender,Support,1331589,Lithuanian,Paris La Défense,France
374,Dietrich,Pyett,dpyettad@prnewswire.com,Agender,Human Resources,1237502,Italian,Philadelphia,United States
375,Lorettalorna,Senyard,lsenyardae@cocolog-nifty.com,Bigender,Marketing,582579,Dzongkha,Molsheim,France
376,Tine,Persian,tpersianaf@cam.ac.uk,Male,Research and Development,865704,Marathi,Halle,Germany
377,Natalina,Rowles,nrowlesag@woothemes.com,Female,Business Development,768734,Kazakh,Monroe,United States
378,Irene,Goslin,igoslinah@mtv.com,Genderfluid,Research and Development,522181,Norwegian,Lincoln,United States
379,Iver,Chalkly,ichalklyai@a8.net,Polygender,Support,1047293,English,Annecy,France
380,Brandice,Kelloway,bkellowayaj@edublogs.org,Male,Accounting,1089806,Ndebele,Brooklyn,United States
381,Kittie,Johanchon,kjohanchonak@is.gd,Genderqueer,Business Development,1479645,Yiddish,Strasbourg,France
382,Merline,Laurenty,mlaurentyal@goodreads.com,Agender,Research and Development,1150217,Malay,Melun,France
383,Tarrance,Wernham,twernhamam@cmu.edu,Polygender,Marketing,675850,Persian,Bernay,France
384,Desirae,Crannage,dcrannagean@vistaprint.com,Non-binary,Training,1314987,Malay,Besançon,France
385,Augustine,Mengo,amengoao@tamu.edu,Genderqueer,Accounting,549852,Amharic,Shawnee Mission,United States
386,Joyan,Swarbrick,jswarbrickap@google.nl,Genderfluid,Services,164339,Punjabi,Paris 07,France
387,Deina,Nottram,dnottramaq@cpanel.net,Agender,Support,1298757,Māori,Midland,United States
388,Pacorro,Goodspeed,pgoodspeedar@free.fr,Female,Support,246554,Kannada,Villefranche-sur-Mer,France
389,Tallie,Clowney,tclowneyas@hud.gov,Genderfluid,Services,208726,Greek,Carson City,United States
390,Heinrik,Mauger,hmaugerat@ocn.ne.jp,Genderqueer,Human Resources,848074,Finnish,Miami,United States
391,Rafaello,Binny,rbinnyau@qq.com,Female,Training,869620,Bulgarian,Hamburg,Germany
392,Asa,Renihan,arenihanav@intel.com,Agender,Support,1443010,Moldovan,Évreux,France
393,Abrahan,Chatto,achattoaw@answers.com,Genderqueer,Human Resources,1321610,Bislama,Orlando,United States
394,Anderea,Van de Velde,avandeveldeax@youku.com,Non-binary,Human Resources,452054,Zulu,Tallahassee,United States
395,Birch,Stud,bstuday@whitehouse.gov,Non-binary,Sales,711224,Zulu,Denver,United States
396,Dana,Tolputt,dtolputtaz@walmart.com,Genderqueer,Accounting,1299700,Assamese,Mérignac,France
397,Jeanna,Castletine,jcastletineb0@ucsd.edu,Bigender,Training,726838,Bosnian,Rochester,United States
398,Eolande,Ungerecht,eungerechtb1@histats.com,Bigender,Product Management,681167,Greek,Detroit,United States
399,Del,Byass,dbyassb2@vimeo.com,Agender,Marketing,157748,West Frisian,Saint-Jean-de-Braye,France
400,Hart,Parnham,hparnhamb3@independent.co.uk,Non-binary,Sales,1459998,Lao,Villefontaine,France
401,Eugen,Sansbury,esansburyb4@unesco.org,Genderqueer,Business Development,939119,Belarusian,Des Moines,United States
402,Adi,Pach,apachb5@who.int,Polygender,Research and Development,630412,Kannada,Avignon,France
403,Tiffie,Treslove,ttresloveb6@amazon.co.uk,Bigender,Training,1221373,Guaraní,Montesson,France
404,Margarete,Semper,msemperb7@squidoo.com,Polygender,Services,77152,Estonian,Baltimore,United States
405,Donni,Yanyshev,dyanyshevb8@ft.com,Bigender,Legal,855740,Swati,Pittsburgh,United States
406,Tandy,Beverage,tbeverageb9@sohu.com,Female,Accounting,102227,English,Washington,United States
407,Malory,MacCaghan,mmaccaghanba@devhub.com,Polygender,Engineering,839078,Papiamento,Mobile,United States
408,Betta,Enderle,benderlebb@msn.com,Polygender,Training,259245,Albanian,Dallas,United States
409,Anderson,Davidovitch,adavidovitchbc@vkontakte.ru,Agender,Legal,953235,Hebrew,Strasbourg,France
410,Rowan,McLellan,rmclellanbd@creativecommons.org,Agender,Accounting,802865,Croatian,West Palm Beach,United States
411,Melany,Bryer,mbryerbe@over-blog.com,Female,Human Resources,312965,Fijian,Nantes,France
412,Marcelia,Endecott,mendecottbf@slate.com,Polygender,Legal,766727,Finnish,Washington,United States
413,Ruby,Sneller,rsnellerbg@theglobeandmail.com,Polygender,Services,342330,Catalan,Bonneuil-sur-Marne,France
414,Tiff,Ovenell,tovenellbh@weebly.com,Agender,Product Management,122725,Dari,New Brunswick,United States
415,Ettie,Sandhill,esandhillbi@woothemes.com,Non-binary,Research and Development,705885,Yiddish,Long Beach,United States
416,Hogan,Vida,hvidabj@zdnet.com,Genderqueer,Services,466923,Tok Pisin,Marne-la-Vallée,France
417,Donaugh,Harradence,dharradencebk@xrea.com,Agender,Support,613722,Filipino,Fleury-les-Aubrais,France
418,Archaimbaud,Aitkin,aaitkinbl@cornell.edu,Agender,Support,1461671,Khmer,Rodez,France
419,Cherey,Groundwater,cgroundwaterbm@thetimes.co.uk,Male,Human Resources,867660,Polish,Jacksonville,United States
420,Jayme,Merrigan,jmerriganbn@fotki.com,Agender,Engineering,396180,Croatian,Lübeck,Germany
421,Rosabelle,Croyser,rcroyserbo@ifeng.com,Male,Business Development,852970,Dari,Fort Worth,United States
422,Mario,Farragher,mfarragherbp@mlb.com,Non-binary,Marketing,1106967,Nepali,Buffalo,United States
423,Cal,Fallow,cfallowbq@nbcnews.com,Non-binary,Marketing,932451,Tajik,Rive-de-Gier,France
424,Ruddy,Omond,romondbr@ebay.com,Bigender,Services,1229698,Latvian,Chartres,France
425,Dionis,Grishanin,dgrishaninbs@nymag.com,Non-binary,Engineering,439990,Pashto,Melun,France
426,Agnesse,McAulay,amcaulaybt@nydailynews.com,Non-binary,Product Management,95571,Hindi,Macon,United States
427,Gusti,Stegell,gstegellbu@accuweather.com,Bigender,Research and Development,92591,Lithuanian,Marne-la-Vallée,France
428,Kellen,Hannibal,khannibalbv@elegantthemes.com,Genderfluid,Legal,1221412,Albanian,Challans,France
429,Frasier,Winkless,fwinklessbw@creativecommons.org,Female,Product Management,1423936,Pashto,Limoges,France
430,Mariam,Clarridge,mclarridgebx@ning.com,Non-binary,Business Development,1244814,Czech,Oklahoma City,United States
431,Corena,Witherow,cwitherowby@google.fr,Male,Marketing,794735,Maltese,Lyon,France
432,Mari,Dumberrill,mdumberrillbz@pagesperso-orange.fr,Female,Training,1266466,West Frisian,Parthenay,France
433,Ruthi,Pauli,rpaulic0@wp.com,Genderqueer,Product Management,1313032,Zulu,Lille,France
434,Andrew,Johansen,ajohansenc1@chron.com,Genderqueer,Sales,384303,New Zealand Sign Language,San Jose,United States
435,Maggee,Gare,mgarec2@yahoo.com,Polygender,Sales,358993,Dhivehi,Cergy-Pontoise,France
436,Alvina,Cowoppe,acowoppec3@flavors.me,Genderqueer,Business Development,606450,Swedish,Lille,France
437,Gustavus,Mattedi,gmattedic4@patch.com,Polygender,Sales,1314062,Dutch,Pau,France
438,Delphine,Lawrenceson,dlawrencesonc5@reuters.com,Non-binary,Legal,1072355,Māori,Fontenay-sous-Bois,France
439,Tobin,Gerling,tgerlingc6@sphinn.com,Genderfluid,Business Development,837654,Gagauz,Kiel,Germany
440,Ernaline,Phillcox,ephillcoxc7@youtube.com,Bigender,Business Development,1486597,Korean,Perpignan,France
441,Cathi,Buye,cbuyec8@wp.com,Bigender,Services,42430,Fijian,Caluire-et-Cuire,France
442,Gill,Thom,gthomc9@ehow.com,Genderqueer,Business Development,766900,Dari,Versailles,France
443,Rudd,Niece,rniececa@istockphoto.com,Male,Legal,1304615,Dhivehi,Sacramento,United States
444,Blaire,Unwins,bunwinscb@goo.ne.jp,Female,Product Management,269355,Hebrew,Les Clayes-sous-Bois,France
445,Kip,Snowsill,ksnowsillcc@google.pl,Genderfluid,Support,375622,Macedonian,Valenciennes,France
446,Robers,Pawlaczyk,rpawlaczykcd@alexa.com,Genderfluid,Research and Development,921610,Punjabi,Evansville,United States
447,Carlynn,Keeley,ckeeleyce@bloglines.com,Agender,Human Resources,107139,Gujarati,Quimper,France
448,Lauryn,Josse,ljossecf@hugedomains.com,Non-binary,Sales,393638,Māori,Albi,France
449,Teri,Spadazzi,tspadazzicg@gmpg.org,Female,Training,467565,Hungarian,Waterbury,United States
450,Marcella,Ofer,moferch@senate.gov,Non-binary,Support,1199719,Thai,Baume-les-Dames,France
451,Quintana,Marqyes,qmarqyesci@bloglines.com,Bigender,Business Development,1365221,Luxembourgish,Villejuif,France
452,Davis,Stannis,dstanniscj@oracle.com,Genderfluid,Support,545514,Amharic,Trenton,United States
453,Rosabelle,McAndrew,rmcandrewck@mozilla.com,Genderfluid,Accounting,677889,Afrikaans,Young America,United States
454,Emilie,Brayshay,ebrayshaycl@newsvine.com,Male,Human Resources,693860,Armenian,Sotteville-lès-Rouen,France
455,Diahann,Wilmot,dwilmotcm@columbia.edu,Male,Engineering,1193349,Tamil,Pittsburgh,United States
456,Gwenore,Callcott,gcallcottcn@4shared.com,Genderqueer,Training,943831,Azeri,Hannover,Germany
457,Siouxie,Hall,shallco@berkeley.edu,Male,Support,1398738,Dzongkha,Yonkers,United States
458,Tobie,Hathway,thathwaycp@webeden.co.uk,Genderqueer,Support,1094859,Hiri Motu,Orléans,France
459,Danette,Garner,dgarnercq@google.de,Genderfluid,Accounting,822910,Kyrgyz,Los Angeles,United States
460,Toddie,Smewings,tsmewingscr@admin.ch,Agender,Sales,1374071,Persian,Vannes,France
461,Timmy,Herries,therriescs@netvibes.com,Male,Product Management,1198689,Estonian,Valenciennes,France
462,Vernor,Partington,vpartingtonct@hibu.com,Non-binary,Sales,1216153,Irish Gaelic,San Diego,United States
463,Janetta,Whitford,jwhitfordcu@infoseek.co.jp,Female,Support,29285,Maltese,Mobile,United States
464,Dolf,Willcocks,dwillcockscv@biglobe.ne.jp,Male,Product Management,694614,Malay,La Charité-sur-Loire,France
465,Zachery,Rhoddie,zrhoddiecw@t.co,Male,Marketing,1448054,Māori,Saverne,France
466,Andee,Serrels,aserrelscx@ebay.co.uk,Agender,Engineering,993155,Moldovan,Paris 17,France
467,Enrichetta,Walenta,ewalentacy@howstuffworks.com,Polygender,Training,630541,Tok Pisin,Cosne-Cours-sur-Loire,France
468,Arlee,FitzGibbon,afitzgibboncz@intel.com,Non-binary,Product Management,40275,Bosnian,Phoenix,United States
469,Cinda,Aberdalgy,caberdalgyd0@dailymotion.com,Female,Support,997953,Ndebele,Paris 09,France
470,Laure,Chard,lchardd1@sfgate.com,Agender,Training,1422821,Thai,Creil,France
471,Pauline,Ricson,pricsond2@artisteer.com,Agender,Training,1313053,Māori,Dallas,United States
472,Frances,Rugg,fruggd3@wired.com,Male,Training,324148,Arabic,Saarbrücken,Germany
473,Kyle,Rowney,krowneyd4@nhs.uk,Agender,Support,901493,Maltese,Bordeaux,France
474,Evangelia,Yacob,eyacobd5@w3.org,Polygender,Training,900402,Spanish,Berlin,Germany
475,Greg,Stanhope,gstanhoped6@sohu.com,Agender,Training,1177832,Italian,Marseille,France
476,Humbert,Landes,hlandesd7@ow.ly,Genderfluid,Accounting,1366685,Kurdish,Istres,France
477,Timoteo,Lighton,tlightond8@webnode.com,Female,Engineering,798801,English,Atlanta,United States
478,Elfrieda,Meekings,emeekingsd9@ibm.com,Female,Sales,849066,Malayalam,Migrate,United States
479,Marchelle,Lamble,mlambleda@jigsy.com,Male,Training,970195,Northern Sotho,Hamburg,Germany
480,Halley,Moxsom,hmoxsomdb@github.io,Female,Accounting,42565,Nepali,Rennes,France
481,Arlen,McGuckin,amcguckindc@123-reg.co.uk,Female,Legal,619101,New Zealand Sign Language,Seattle,United States
482,Klaus,Antonetti,kantonettidd@newyorker.com,Agender,Support,586474,Dzongkha,San Jose,United States
483,Lyndy,Praill,lpraillde@nhs.uk,Agender,Research and Development,182731,Armenian,Lyon,France
484,Lydie,Meak,lmeakdf@seattletimes.com,Female,Services,90303,Hiri Motu,Lyon,France
485,Marsh,Davydkov,mdavydkovdg@earthlink.net,Genderqueer,Accounting,84208,Assamese,West Palm Beach,United States
486,Sampson,Poxon,spoxondh@utexas.edu,Agender,Marketing,593088,Kannada,Montreuil,France
487,Bartlett,Kingscote,bkingscotedi@telegraph.co.uk,Bigender,Training,1041775,Somali,Washington,United States
488,Eddy,Stapleton,estapletondj@abc.net.au,Male,Support,1191633,Moldovan,Denver,United States
489,Gui,Mowsdell,gmowsdelldk@mtv.com,Non-binary,Services,409147,Moldovan,Sablé-sur-Sarthe,France
490,Aila,Stops,astopsdl@noaa.gov,Bigender,Marketing,282781,Bosnian,Rueil-Malmaison,France
491,Darla,Lober,dloberdm@yelp.com,Polygender,Services,851563,Thai,Paris 13,France
492,Carlen,Seaton,cseatondn@shutterfly.com,Polygender,Services,1425751,Yiddish,Springfield,United States
493,Nanete,Accombe,naccombedo@seattletimes.com,Polygender,Services,1056737,Tamil,Paris 08,France
494,Dedie,Haldon,dhaldondp@ca.gov,Non-binary,Business Development,1247290,Bulgarian,Limoges,France
495,Wittie,Scimonelli,wscimonellidq@netlog.com,Non-binary,Training,247225,Nepali,Harrisburg,United States
496,Dyna,Moxon,dmoxondr@marriott.com,Male,Engineering,925597,Northern Sotho,El Paso,United States
497,Nelle,Schall,nschallds@forbes.com,Non-binary,Support,932174,Czech,Hannover,Germany
498,Hollie,Cocklin,hcocklindt@loc.gov,Agender,Product Management,207353,Papiamento,Le Mans,France
499,Cosetta,Herrieven,cherrievendu@dailymotion.com,Non-binary,Training,1495653,Kurdish,Saint-Gaudens,France
500,Harry,Shurmore,hshurmoredv@state.gov,Polygender,Sales,1113485,Arabic,Paris 20,France
501,Janice,Pouton,jpoutondw@europa.eu,Genderfluid,Accounting,1402015,Afrikaans,Columbia,United States
502,Velvet,Jerke,vjerkedx@scribd.com,Genderfluid,Human Resources,915637,Papiamento,Hendaye,France
503,Harp,Beggin,hbeggindy@devhub.com,Agender,Legal,857454,Khmer,Nantes,France
504,Reggie,Umpleby,rumplebydz@springer.com,Polygender,Training,336264,Moldovan,Nürnberg,Germany
505,Gipsy,Donnellan,gdonnellane0@elegantthemes.com,Non-binary,Legal,1242994,Georgian,Paris 07,France
506,Otho,de Cullip,odecullipe1@sfgate.com,Male,Services,165153,Papiamento,Guebwiller,France
507,Hamish,Wiltsher,hwiltshere2@chronoengine.com,Female,Business Development,1470003,Azeri,Mesquite,United States
508,Gunner,Smaleman,gsmalemane3@nps.gov,Genderfluid,Human Resources,830950,Albanian,Moulins,France
509,Kerk,Knappen,kknappene4@mayoclinic.com,Genderfluid,Human Resources,750259,Dari,Savannah,United States
510,Gawen,Seys,gseyse5@tinyurl.com,Female,Marketing,1292846,Dutch,Al Ain,United Arab Emirates
511,Ashil,MacKenny,amackennye6@pinterest.com,Bigender,Training,1337893,Greek,Jacksonville,United States
512,Charis,Lockery,clockerye7@4shared.com,Agender,Research and Development,202577,Māori,Hartford,United States
513,Sarene,Benit,sbenite8@loc.gov,Bigender,Training,866744,Irish Gaelic,Corona,United States
514,Vanya,Strase,vstrasee9@spotify.com,Genderqueer,Research and Development,1235051,Māori,Cergy-Pontoise,France
515,Giraud,Parlor,gparlorea@eventbrite.com,Non-binary,Business Development,273962,Belarusian,San Francisco,United States
516,Valeda,Godfroy,vgodfroyeb@forbes.com,Genderfluid,Business Development,543893,Polish,Trenton,United States
517,Dickie,Crowter,dcrowterec@jimdo.com,Female,Training,507191,Irish Gaelic,Bordeaux,France
518,Inessa,Prosh,iproshed@bbb.org,Genderfluid,Services,1289188,Swedish,Austin,United States
519,Ardenia,Burgum,aburgumee@discuz.net,Agender,Human Resources,933142,Azeri,Sainte-Geneviève-des-Bois,France
520,Kennett,Alfonsini,kalfonsinief@nymag.com,Female,Training,1437229,Hindi,Shreveport,United States
521,Harv,Cornell,hcornelleg@addthis.com,Genderqueer,Product Management,281956,Danish,Cambrai,France
522,Kerr,Goodlife,kgoodlifeeh@wordpress.com,Agender,Support,1381084,Tsonga,Honolulu,United States
523,Doroteya,Yendle,dyendleei@nydailynews.com,Female,Engineering,364307,Telugu,Quimperlé,France
524,Constancia,Pinchon,cpinchonej@aboutads.info,Non-binary,Sales,210912,Afrikaans,Pontivy,France
525,Norma,Beale,nbealeek@bigcartel.com,Female,Support,1170564,Georgian,Sacramento,United States
526,Penni,Scamadine,pscamadineel@cyberchimps.com,Bigender,Training,664010,Dhivehi,Washington,United States
527,Chase,Mapholm,cmapholmem@sohu.com,Genderqueer,Accounting,742038,Bislama,Étampes,France
528,Rudolfo,Arno,rarnoen@wikispaces.com,Non-binary,Support,535592,Papiamento,Pittsburgh,United States
529,Bink,Kmiec,bkmieceo@1688.com,Non-binary,Sales,696649,Swahili,Vineuil,France
530,Arthur,Lecky,aleckyep@dmoz.org,Non-binary,Marketing,1339239,Chinese,Paris 14,France
531,Tobye,Goroni,tgoronieq@networksolutions.com,Non-binary,Research and Development,1022718,Hungarian,Paris 08,France
532,Ewart,Spyby,espybyer@ox.ac.uk,Non-binary,Human Resources,560139,Greek,Rungis,France
533,Sharla,MacMurray,smacmurrayes@yahoo.co.jp,Agender,Business Development,884357,Korean,Norfolk,United States
534,Marjie,Gibbonson,mgibbonsonet@cyberchimps.com,Polygender,Marketing,142118,Albanian,Landivisiau,France
535,Carlene,Rosenstein,crosensteineu@lycos.com,Genderfluid,Business Development,1456647,New Zealand Sign Language,Offenbach,Germany
536,Conroy,Frie,cfrieev@behance.net,Genderfluid,Research and Development,1295601,Romanian,Golbey,France
537,Culver,McAulay,cmcaulayew@live.com,Non-binary,Accounting,465748,Danish,Newport News,United States
538,Henrietta,Gilffillan,hgilffillanex@craigslist.org,Agender,Support,827781,Dari,Le Kremlin-Bicêtre,France
539,Belinda,Warfield,bwarfieldey@blogger.com,Non-binary,Support,1042576,Catalan,Mesa,United States
540,Ignatius,Garvill,igarvillez@examiner.com,Female,Business Development,985076,Kazakh,Oklahoma City,United States
541,Vanessa,Burtonwood,vburtonwoodf0@wired.com,Female,Legal,834670,French,Angoulême,France
542,Staci,Nugent,snugentf1@arstechnica.com,Non-binary,Services,1462709,West Frisian,Richmond,United States
543,Moishe,Gilardi,mgilardif2@cpanel.net,Female,Accounting,136301,Spanish,Dijon,France
544,Elonore,Northidge,enorthidgef3@arstechnica.com,Genderfluid,Services,867357,Indonesian,Mitry-Mory,France
545,Evangelin,Kunisch,ekunischf4@freewebs.com,Genderqueer,Research and Development,1184396,Tamil,Braunschweig,Germany
546,Halsey,Twining,htwiningf5@w3.org,Genderqueer,Support,1146676,Malayalam,Roissy Charles-de-Gaulle,France
547,Rubina,Skerm,rskermf6@google.co.jp,Genderqueer,Product Management,1017235,Bislama,Virginia Beach,United States
548,Cherise,Harden,chardenf7@archive.org,Male,Accounting,759063,New Zealand Sign Language,Nîmes,France
549,Cordula,Rossiter,crossiterf8@ucla.edu,Genderqueer,Accounting,826417,Italian,Le Mans,France
550,Fleming,Pethick,fpethickf9@example.com,Female,Training,25187,Luxembourgish,Nemours,France
551,Jourdan,State,jstatefa@sitemeter.com,Non-binary,Human Resources,489716,Swedish,Marseille,France
552,Hadley,Rehor,hrehorfb@zdnet.com,Bigender,Legal,849327,Aymara,Wuppertal,Germany
553,Maritsa,Simion,msimionfc@bing.com,Female,Human Resources,657280,Hungarian,San Jose,United States
554,Natividad,Raleston,nralestonfd@ebay.com,Agender,Support,43083,Persian,Strasbourg,France
555,Eugenius,Henrichsen,ehenrichsenfe@mtv.com,Agender,Human Resources,943637,Greek,Tallahassee,United States
556,Hugues,Pennington,hpenningtonff@prweb.com,Bigender,Services,1008191,Assamese,Cincinnati,United States
557,Diandra,Shawell,dshawellfg@bravesites.com,Genderqueer,Business Development,1333294,Belarusian,Colmar,France
558,Stepha,Christophers,schristophersfh@ox.ac.uk,Polygender,Support,238295,Hungarian,West Palm Beach,United States
559,Oates,Millwall,omillwallfi@columbia.edu,Agender,Product Management,359200,Kyrgyz,Phoenix,United States
560,Rube,Treske,rtreskefj@buzzfeed.com,Genderqueer,Accounting,1181893,Yiddish,Saint-Nazaire,France
561,Agnola,Able,aablefk@ezinearticles.com,Polygender,Sales,1306806,Kurdish,San Jose,United States
562,Goddard,Barbisch,gbarbischfl@mac.com,Agender,Support,1093316,Yiddish,Dieppe,France
563,Archy,Whitnell,awhitnellfm@oracle.com,Bigender,Sales,803443,Afrikaans,Dallas,United States
564,Burton,Oldknow,boldknowfn@cbc.ca,Bigender,Research and Development,1067971,Malayalam,Antony,France
565,Trudy,Cordner,tcordnerfo@yahoo.co.jp,Agender,Services,1231358,Filipino,Los Angeles,United States
566,Christiana,Vail,cvailfp@dagondesign.com,Male,Support,639842,Maltese,La Ferté-Bernard,France
567,Crystie,Bilovsky,cbilovskyfq@utexas.edu,Genderfluid,Support,422254,Hindi,Roanoke,United States
568,Saloma,Kyngdon,skyngdonfr@jiathis.com,Genderfluid,Accounting,1365244,New Zealand Sign Language,Saumur,France
569,Keir,Getsham,kgetshamfs@wix.com,Genderfluid,Training,752781,Albanian,Montgomery,United States
570,Josi,Bovingdon,jbovingdonft@so-net.ne.jp,Polygender,Accounting,1456434,Hungarian,Metz,France
571,Junie,Patey,jpateyfu@geocities.com,Agender,Human Resources,398940,Montenegrin,Witzenhausen,Germany
572,Deonne,Winridge,dwinridgefv@gov.uk,Genderqueer,Marketing,1395088,Finnish,Mâcon,France
573,Gerti,Wood,gwoodfw@live.com,Genderfluid,Engineering,589044,Indonesian,Saint Augustine,United States
574,Emmanuel,Beesley,ebeesleyfx@chron.com,Genderqueer,Training,567469,Kazakh,New Haven,United States
575,Alan,Fear,afearfy@unblog.fr,Genderfluid,Accounting,1167665,Amharic,Miami,United States
576,Dotty,Cholerton,dcholertonfz@typepad.com,Non-binary,Sales,663078,Punjabi,Chicago,United States
577,Bunnie,Bonallick,bbonallickg0@seesaa.net,Genderqueer,Support,161104,Assamese,Port Washington,United States
578,Lonna,Christaeas,lchristaeasg1@sakura.ne.jp,Genderfluid,Training,179736,Indonesian,Lakeland,United States
579,Tildie,Kingshott,tkingshottg2@weebly.com,Polygender,Accounting,1076948,Amharic,Boca Raton,United States
580,Timmy,McNae,tmcnaeg3@google.co.uk,Non-binary,Business Development,1130788,Mongolian,Philadelphia,United States
581,Phoebe,Darville,pdarvilleg4@blog.com,Genderfluid,Business Development,1092632,Swedish,Clermont-Ferrand,France
582,Lucinda,Baiss,lbaissg5@cbsnews.com,Female,Support,718879,Marathi,Hamburg Sankt Pauli,Germany
583,Michelle,Mc Gee,mmcgeeg6@networksolutions.com,Bigender,Marketing,767854,Amharic,Saint-Étienne-du-Rouvray,France
584,Shalne,Jerratsch,sjerratschg7@howstuffworks.com,Agender,Legal,1078534,Papiamento,Salon-de-Provence,France
585,Jory,Feldmann,jfeldmanng8@gmpg.org,Male,Human Resources,720985,Estonian,Durham,United States
586,Viole,Pettifor,vpettiforg9@twitter.com,Polygender,Accounting,751962,Estonian,Saint-Ouen,France
587,Chad,Behling,cbehlingga@mayoclinic.com,Non-binary,Engineering,547496,Māori,Saint-Jean-de-Monts,France
588,Lian,Yann,lyanngb@goo.gl,Female,Sales,760559,Latvian,Nîmes,France
589,Leeann,Canty,lcantygc@myspace.com,Polygender,Services,1407852,Filipino,Lyon,France
590,Kenton,Jagg,kjagggd@unicef.org,Non-binary,Support,897627,Tsonga,Bondy,France
591,Phebe,Cayton,pcaytonge@telegraph.co.uk,Male,Product Management,1234487,Albanian,Lons-le-Saunier,France
592,Jamesy,Goodfellow,jgoodfellowgf@hc360.com,Agender,Marketing,1310133,Greek,Wilkes Barre,United States
593,Talbert,Bruyett,tbruyettgg@walmart.com,Female,Sales,756035,Bosnian,Englewood,United States
594,Lorin,Blackaller,lblackallergh@adobe.com,Agender,Services,735724,Swedish,Washington,United States
595,Rodrique,Itzchaki,ritzchakigi@va.gov,Female,Product Management,1243663,Hungarian,Bar-le-Duc,France
596,Valenka,Philipard,vphilipardgj@mapquest.com,Bigender,Sales,1137821,Hungarian,El Paso,United States
597,Alyse,Warlaw,awarlawgk@discuz.net,Polygender,Business Development,1117062,Zulu,Saint-Amand-les-Eaux,France
598,Hannah,Pankettman,hpankettmangl@miitbeian.gov.cn,Genderfluid,Services,1156270,Marathi,Cergy-Pontoise,France
599,Corabel,Bus,cbusgm@tripod.com,Polygender,Marketing,149356,Somali,Rouen,France
600,Weidar,Fibbitts,wfibbittsgn@so-net.ne.jp,Male,Research and Development,1247700,Yiddish,Massy,France
601,Iver,Petrak,ipetrakgo@wikimedia.org,Non-binary,Engineering,803467,Malagasy,Aubenas,France
602,Karla,Dougharty,kdoughartygp@wisc.edu,Bigender,Business Development,392602,Polish,Carpentras,France
603,Ardelle,Guiel,aguielgq@skyrock.com,Female,Support,680915,Spanish,Langres,France
604,Corina,Elcy,celcygr@upenn.edu,Genderqueer,Business Development,888129,Georgian,Midland,United States
605,Valeria,Give,vgivegs@hp.com,Agender,Accounting,610914,Sotho,Mobile,United States
606,Hyacinth,Greene,hgreenegt@japanpost.jp,Genderfluid,Engineering,286510,Georgian,Paris La Défense,France
607,Darby,Buddington,dbuddingtongu@smh.com.au,Bigender,Business Development,1033570,Sotho,Avignon,France
608,Caspar,Layhe,clayhegv@cbsnews.com,Female,Marketing,895562,Swedish,Denver,United States
609,Leela,Pascall,lpascallgw@pagesperso-orange.fr,Genderqueer,Product Management,637876,Portuguese,Strasbourg,France
610,Tiebold,Mariotte,tmariottegx@census.gov,Female,Support,428249,Assamese,El Paso,United States
611,Lisetta,Meyer,lmeyergy@photobucket.com,Non-binary,Legal,504638,Tswana,München,Germany
612,Tully,Benezeit,tbenezeitgz@wordpress.org,Female,Product Management,1185334,Catalan,Troyes,France
613,Caril,Stockow,cstockowh0@squarespace.com,Polygender,Support,67593,Mongolian,Denver,United States
614,Kacy,Blueman,kbluemanh1@irs.gov,Genderqueer,Accounting,1226371,Hungarian,Orléans,France
615,Ward,Worboy,wworboyh2@nasa.gov,Female,Marketing,789563,Nepali,Illkirch-Graffenstaden,France
616,Poppy,Minico,pminicoh3@fda.gov,Polygender,Business Development,551988,Arabic,Thionville,France
617,Ursuline,Newcomen,unewcomenh4@answers.com,Bigender,Business Development,1456970,New Zealand Sign Language,Paris La Défense,France
618,Brandais,Backsal,bbacksalh5@histats.com,Bigender,Legal,1066937,Malayalam,Saginaw,United States
619,Rodger,Stroyan,rstroyanh6@skype.com,Non-binary,Legal,889697,Norwegian,Limoges,France
620,Gaelan,Keune,gkeuneh7@people.com.cn,Genderqueer,Product Management,1109803,Hungarian,Chicago,United States
621,Osbert,Liles,olilesh8@china.com.cn,Agender,Marketing,145611,French,Le Havre,France
622,Sherie,Lonie,slonieh9@wisc.edu,Non-binary,Sales,1373381,Polish,Shawnee Mission,United States
623,Mario,Cansdill,mcansdillha@domainmarket.com,Polygender,Accounting,1255811,Zulu,Bonneuil-sur-Marne,France
624,Derrek,Maulin,dmaulinhb@github.io,Female,Marketing,1239108,Portuguese,Dallas,United States
625,Dietrich,Stoller,dstollerhc@google.nl,Male,Sales,1061952,Dzongkha,Bethlehem,United States
626,Nevins,Ranns,nrannshd@photobucket.com,Bigender,Human Resources,854473,Moldovan,Poitiers,France
627,Gabriellia,Heustace,gheustacehe@vistaprint.com,Polygender,Services,703530,Swedish,Tarbes,France
628,Haley,Kimmitt,hkimmitthf@t.co,Bigender,Training,857101,Indonesian,Phoenix,United States
629,Harley,Copson,hcopsonhg@chronoengine.com,Polygender,Engineering,865862,Norwegian,Norfolk,United States
630,Levy,Capehorn,lcapehornhh@sourceforge.net,Female,Marketing,955848,Catalan,Orlando,United States
631,Vail,Kleynen,vkleynenhi@quantcast.com,Genderfluid,Product Management,787979,Catalan,Poissy,France
632,Hobard,Rushton,hrushtonhj@1688.com,Bigender,Engineering,1271788,Dari,Chicago,United States
633,Terrell,O'Dooghaine,todooghainehk@blogs.com,Genderqueer,Sales,745026,Amharic,Futuroscope,France
634,Delly,Couch,dcouchhl@wordpress.org,Polygender,Business Development,358109,Hindi,Dallas,United States
635,Simone,Gauntley,sgauntleyhm@senate.gov,Bigender,Product Management,1271063,Nepali,San Antonio,United States
636,Shirlee,Kew,skewhn@comcast.net,Bigender,Services,177459,Malay,Cergy-Pontoise,France
637,Cicely,Bram,cbramho@washingtonpost.com,Agender,Business Development,1342124,German,Dayton,United States
638,Lynette,Morden,lmordenhp@umn.edu,Male,Human Resources,1250411,Portuguese,Austin,United States
639,Mayne,Gaudin,mgaudinhq@goodreads.com,Polygender,Support,150648,German,Marseille,France
640,Lucien,Bursnall,lbursnallhr@netlog.com,Male,Research and Development,724422,Polish,Agraharam,India
641,Othilia,Fulleylove,ofulleylovehs@shareasale.com,Non-binary,Training,249223,Malagasy,Miami,United States
642,Leeanne,Jeppe,ljeppeht@salon.com,Genderqueer,Product Management,1048380,Kazakh,Caen,France
643,Elysia,Gillham,egillhamhu@nifty.com,Genderqueer,Human Resources,733090,Quechua,Bobigny,France
644,Jethro,Gorusso,jgorussohv@independent.co.uk,Polygender,Accounting,1324298,Czech,Montgomery,United States
645,Garland,Brisson,gbrissonhw@edublogs.org,Polygender,Human Resources,605568,Albanian,Solingen,Germany
646,Gardner,Romagosa,gromagosahx@taobao.com,Agender,Research and Development,1339482,Māori,Avallon,France
647,Irwinn,Boutellier,iboutellierhy@jiathis.com,Polygender,Marketing,288916,Māori,Pittsburgh,United States
648,Marya,Bardwall,mbardwallhz@yelp.com,Polygender,Legal,1040969,German,Washington,United States
649,Liliane,Cheatle,lcheatlei0@unesco.org,Genderfluid,Human Resources,683351,West Frisian,Braunschweig,Germany
650,Dorree,Geal,dgeali1@trellian.com,Bigender,Legal,803495,Assamese,Tarbes,France
651,Sandra,Litster,slitsteri2@blogger.com,Non-binary,Business Development,408337,English,Mesquite,United States
652,Gilburt,Meineck,gmeinecki3@behance.net,Genderqueer,Services,169464,Hindi,Roissy Charles-de-Gaulle,France
653,Humberto,Libbe,hlibbei4@prweb.com,Genderfluid,Legal,506827,Dutch,Alençon,France
654,Jarrad,Raoul,jraouli5@gizmodo.com,Female,Services,1349687,Pashto,Lees Summit,United States
655,Timmie,Dailly,tdaillyi6@nba.com,Polygender,Human Resources,661267,Icelandic,Bayonne,France
656,Talbot,Ocheltree,tocheltreei7@miitbeian.gov.cn,Non-binary,Marketing,941974,Zulu,Colmar,France
657,Conni,Hedau,chedaui8@zdnet.com,Agender,Business Development,747683,Afrikaans,Pasadena,United States
658,Nataniel,Goodship,ngoodshipi9@comsenz.com,Genderqueer,Research and Development,991705,Gujarati,Washington,United States
659,Field,Chatelain,fchatelainia@tuttocitta.it,Agender,Support,817680,Filipino,Villeneuve-la-Garenne,France
660,Shelli,Rosoman,srosomanib@earthlink.net,Non-binary,Business Development,677161,Malayalam,Midland,United States
661,Joann,O'Shiels,joshielsic@51.la,Non-binary,Product Management,200899,Swedish,Poitiers,France
662,Renato,Manby,rmanbyid@hud.gov,Agender,Research and Development,1158680,Malay,Villeneuve-la-Garenne,France
663,Elmira,Kulas,ekulasie@miitbeian.gov.cn,Polygender,Accounting,858477,Dutch,Lyon,France
664,Sampson,Mulvey,smulveyif@nydailynews.com,Genderqueer,Business Development,810034,Assamese,Saint-Étienne,France
665,Henriette,Adrain,hadrainig@tripadvisor.com,Genderfluid,Marketing,630913,Korean,South Bend,United States
666,Deena,Pruce,dpruceih@msu.edu,Agender,Business Development,745327,Bosnian,Saint-Dié-des-Vosges,France
667,Ximenez,Creeboe,xcreeboeii@ameblo.jp,Genderqueer,Engineering,998624,Khmer,Privas,France
668,Maddalena,Slogrove,mslogroveij@twitter.com,Bigender,Engineering,1069803,Aymara,Oyonnax,France
669,Rachele,Werny,rwernyik@friendfeed.com,Female,Human Resources,1313680,Swahili,Nancy,France
670,Kris,Parlour,kparlouril@google.com.au,Polygender,Support,511800,Khmer,Cambrai,France
671,Noel,Bispham,nbisphamim@comcast.net,Non-binary,Human Resources,1075501,Irish Gaelic,Charlotte,United States
672,Salomon,Loiterton,sloitertonin@soundcloud.com,Bigender,Sales,1092660,Montenegrin,Lexington,United States
673,Cammy,Blamire,cblamireio@fastcompany.com,Genderqueer,Legal,503349,Pashto,Newport News,United States
674,Goran,O'Spillane,gospillaneip@histats.com,Male,Sales,353038,Dhivehi,Villefranche-sur-Saône,France
675,Rikki,Heephy,rheephyiq@mozilla.com,Bigender,Training,371136,Yiddish,Tulsa,United States
676,Sophey,Barrowcliff,sbarrowcliffir@nationalgeographic.com,Genderqueer,Product Management,156939,Quechua,Brive-la-Gaillarde,France
677,Nerita,Garber,ngarberis@sun.com,Female,Legal,772555,Armenian,Iowa City,United States
678,Minda,Buscombe,mbuscombeit@360.cn,Female,Marketing,1281801,Luxembourgish,Augsburg,Germany
679,Lexie,Nezey,lnezeyiu@archive.org,Polygender,Training,1462693,Georgian,Laval,France
680,Ingrid,Caskie,icaskieiv@meetup.com,Female,Services,1055126,New Zealand Sign Language,Pau,France
681,Nickola,Serle,nserleiw@ox.ac.uk,Polygender,Marketing,840780,Thai,Pittsburgh,United States
682,Dierdre,Meehan,dmeehanix@about.me,Bigender,Research and Development,1090540,Moldovan,Le Perreux-sur-Marne,France
683,Lilah,Hudson,lhudsoniy@rakuten.co.jp,Genderfluid,Business Development,1247557,Georgian,Houston,United States
684,Israel,Nyles,inylesiz@wufoo.com,Polygender,Training,1385895,Gujarati,San Jose,United States
685,Kippy,Haston,khastonj0@umich.edu,Bigender,Training,54864,Armenian,Minneapolis,United States
686,Reinaldos,Paridge,rparidgej1@washington.edu,Bigender,Product Management,855598,Burmese,Köln,Germany
687,Bunni,Swindin,bswindinj2@noaa.gov,Male,Human Resources,68500,Guaraní,Cherbourg-Octeville,France
688,Anabella,Beseke,abesekej3@bbb.org,Genderfluid,Accounting,764098,Moldovan,Paris 17,France
689,Bradney,Antonovic,bantonovicj4@blog.com,Genderqueer,Sales,542920,Estonian,Madison,United States
690,Selene,Hudel,shudelj5@surveymonkey.com,Non-binary,Services,55921,Pashto,Colombes,France
691,Hadley,Murrie,hmurriej6@sourceforge.net,Male,Training,118153,Kannada,West Hartford,United States
692,Aldis,Fenimore,afenimorej7@dell.com,Female,Engineering,701367,Dhivehi,Vesoul,France
693,Ira,Wainman,iwainmanj8@zimbio.com,Genderfluid,Training,359418,Czech,Dresden,Germany
694,Henrie,O'Geneay,hogeneayj9@paypal.com,Genderqueer,Human Resources,1111964,Chinese,Chartres,France
695,Monah,Maes,mmaesja@omniture.com,Polygender,Training,836363,Luxembourgish,Bergerac,France
696,Robinetta,Townshend,rtownshendjb@fda.gov,Genderqueer,Accounting,1118404,Greek,Rodez,France
697,Katee,Bromilow,kbromilowjc@nymag.com,Non-binary,Research and Development,826229,Tswana,Mantes-la-Jolie,France
698,Honor,Lippiett,hlippiettjd@vistaprint.com,Genderfluid,Human Resources,1014450,Catalan,Naples,United States
699,Dion,Catterill,dcatterillje@princeton.edu,Non-binary,Business Development,320955,Tajik,Villeurbanne,France
700,Raff,Ionn,rionnjf@hexun.com,Genderqueer,Accounting,1463665,Fijian,Sainte-Luce-sur-Loire,France
701,Rudiger,Leyshon,rleyshonjg@squidoo.com,Female,Engineering,452588,Sotho,Pau,France
702,Jacquetta,Osbidston,josbidstonjh@technorati.com,Bigender,Business Development,1069942,Quechua,Besançon,France
703,Evania,Lethabridge,elethabridgeji@dedecms.com,Bigender,Engineering,1410783,Polish,Long Beach,United States
704,Witty,McKearnen,wmckearnenjj@symantec.com,Genderfluid,Marketing,949896,Malagasy,Grand Rapids,United States
705,Mario,Gavigan,mgaviganjk@github.io,Polygender,Business Development,724386,Persian,Montpellier,France
706,Brandy,Stonard,bstonardjl@feedburner.com,Polygender,Training,183453,Swati,Aachen,Germany
707,Jorgan,Craig,jcraigjm@arstechnica.com,Agender,Engineering,274786,Azeri,Colorado Springs,United States
708,Adham,Toffetto,atoffettojn@cam.ac.uk,Genderfluid,Marketing,283456,Aymara,Stamford,United States
709,Clem,Kinder,ckinderjo@answers.com,Male,Product Management,44243,Polish,Bourges,France
710,Rudolph,Brickdale,rbrickdalejp@nasa.gov,Bigender,Human Resources,904424,Kyrgyz,Poitiers,France
711,Mathilda,Shakespeare,mshakespearejq@taobao.com,Bigender,Training,665932,Papiamento,New York City,United States
712,Moll,Abbes,mabbesjr@squarespace.com,Male,Product Management,637275,Thai,Bagneux,France
713,Inger,Shurlock,ishurlockjs@macromedia.com,Female,Engineering,301421,Bengali,Meylan,France
714,Brigham,Chesshyre,bchesshyrejt@canalblog.com,Female,Business Development,1364939,Indonesian,Le Chambon-Feugerolles,France
715,Filberte,Dowears,fdowearsju@macromedia.com,Male,Accounting,132545,Luxembourgish,Cincinnati,United States
716,Mariam,Goudge,mgoudgejv@rambler.ru,Male,Support,871456,Swahili,Young America,United States
717,Carmen,Dowden,cdowdenjw@ucoz.com,Bigender,Services,1465305,Haitian Creole,Aix-les-Bains,France
718,Ebba,Beynkn,ebeynknjx@chicagotribune.com,Polygender,Accounting,406381,Malayalam,Vedène,France
719,Addy,Vaskov,avaskovjy@technorati.com,Male,Services,1075124,Montenegrin,Washington,United States
720,Jacob,Bohling,jbohlingjz@shutterfly.com,Polygender,Research and Development,1290809,West Frisian,Tampa,United States
721,Walden,Guyonnet,wguyonnetk0@census.gov,Polygender,Training,856444,Danish,Montpellier,France
722,Ealasaid,Luttger,eluttgerk1@deliciousdays.com,Genderfluid,Training,358961,Burmese,Des Moines,United States
723,Gaby,Cogzell,gcogzellk2@forbes.com,Genderqueer,Accounting,917499,Polish,Saint-Jean-de-Braye,France
724,Keane,Armsden,karmsdenk3@ed.gov,Bigender,Business Development,1241786,Kurdish,Austin,United States
725,Orrin,Izakof,oizakofk4@rediff.com,Male,Accounting,1340340,Chinese,Nevers,France
726,Feliks,Chupin,fchupink5@xrea.com,Polygender,Services,597219,Tetum,Paris 06,France
727,Titos,Petrello,tpetrellok6@scribd.com,Genderqueer,Business Development,230734,Armenian,Marne-la-Vallée,France
728,Marlow,Gossipin,mgossipink7@timesonline.co.uk,Male,Sales,745400,Irish Gaelic,Chemnitz,Germany
729,Shem,Jedrzejczak,sjedrzejczakk8@dagondesign.com,Bigender,Legal,1102447,Tamil,Cergy-Pontoise,France
730,Lind,Josham,ljoshamk9@cbsnews.com,Female,Product Management,224110,Swati,Erie,United States
731,Allina,Witz,awitzka@bloomberg.com,Female,Business Development,1066819,Dhivehi,Lansing,United States
732,Monah,Barbosa,mbarbosakb@umich.edu,Genderqueer,Accounting,672562,Chinese,Sacramento,United States
733,Justis,Carillo,jcarillokc@google.com.au,Female,Human Resources,547390,English,Springfield,United States
734,Dame,Robertsen,drobertsenkd@washingtonpost.com,Agender,Marketing,733217,Spanish,Mundolsheim,France
735,Clarke,Pettifor,cpettiforke@wiley.com,Polygender,Product Management,1149912,Chinese,Saint-Quentin-en-Yvelines,France
736,Norine,McCoveney,nmccoveneykf@comcast.net,Agender,Marketing,1299478,Bulgarian,Rodez,France
737,Dehlia,Fuzzard,dfuzzardkg@bbc.co.uk,Bigender,Engineering,516811,Punjabi,Nantes,France
738,Corinne,Trillow,ctrillowkh@csmonitor.com,Non-binary,Legal,1434868,Azeri,Dijon,France
739,Freeman,Pegden,fpegdenki@people.com.cn,Non-binary,Sales,1374842,Marathi,New York City,United States
740,Amos,Fouracre,afouracrekj@squidoo.com,Polygender,Support,637979,Finnish,Issoudun,France
741,Hermy,Wreak,hwreakkk@slate.com,Genderfluid,Training,237027,Polish,Saint-Marcellin,France
742,Rory,Wintringham,rwintringhamkl@hubpages.com,Polygender,Human Resources,558437,Fijian,Fort Worth,United States
743,Mela,Buckoke,mbuckokekm@shutterfly.com,Agender,Support,1349805,Gujarati,Las Vegas,United States
744,Deni,Stronge,dstrongekn@tinyurl.com,Male,Engineering,208874,English,Arlington,United States
745,Glenn,Spencers,gspencersko@chron.com,Non-binary,Sales,587208,Mongolian,Wuppertal,Germany
746,Gage,Yakebowitch,gyakebowitchkp@prweb.com,Male,Accounting,366382,Bengali,Santa Rosa,United States
747,Brnaby,Filkov,bfilkovkq@dyndns.org,Non-binary,Support,425758,Tajik,Battle Creek,United States
748,Lissi,Gherardelli,lgherardellikr@youtu.be,Agender,Product Management,374789,Tok Pisin,Bourg-en-Bresse,France
749,Susanne,Puckinghorne,spuckinghorneks@alibaba.com,Male,Research and Development,167948,Moldovan,Frankfurt am Main,Germany
750,Marve,Harken,mharkenkt@yahoo.com,Male,Product Management,301835,Icelandic,Ajaccio,France
751,Marybeth,Crocetti,mcrocettiku@mediafire.com,Female,Training,982243,Māori,Fontenay-sous-Bois,France
752,Daile,Armfirld,darmfirldkv@ezinearticles.com,Genderfluid,Sales,25984,Malay,Peoria,United States
753,Doug,Bonnin,dbonninkw@technorati.com,Genderfluid,Engineering,1199382,Kannada,Annapolis,United States
754,Rachele,Wimes,rwimeskx@google.es,Genderqueer,Business Development,92285,English,Tempe,United States
755,Heall,Flips,hflipsky@mayoclinic.com,Male,Human Resources,524933,Filipino,Tallahassee,United States
756,Cornall,Skacel,cskacelkz@nyu.edu,Female,Services,397306,Tswana,Norfolk,United States
757,Patty,Greatex,pgreatexl0@barnesandnoble.com,Non-binary,Marketing,436238,Swedish,Dallas,United States
758,Noella,Baumford,nbaumfordl1@boston.com,Female,Research and Development,1461516,West Frisian,Créteil,France
759,Geraldine,Brolechan,gbrolechanl2@lulu.com,Genderfluid,Human Resources,371073,Tswana,Bastia,France
760,Emilia,Marns,emarnsl3@bluehost.com,Male,Human Resources,1085067,Haitian Creole,Evansville,United States
761,Adena,McCaskill,amccaskilll4@hp.com,Female,Accounting,769863,New Zealand Sign Language,Paris 07,France
762,Dukey,Meriott,dmeriottl5@over-blog.com,Bigender,Business Development,730218,Romanian,Philadelphia,United States
763,Percy,Labuschagne,plabuschagnel6@studiopress.com,Genderfluid,Accounting,679621,Fijian,Dijon,France
764,Lon,Southern,lsouthernl7@shop-pro.jp,Non-binary,Engineering,1376229,Danish,Pontarlier,France
765,Lester,Sayburn,lsayburnl8@foxnews.com,Genderfluid,Support,752095,Croatian,Sacramento,United States
766,Robinson,Stephenson,rstephensonl9@technorati.com,Polygender,Sales,1056971,Estonian,New Orleans,United States
767,Dotti,Giraudou,dgiraudoula@toplist.cz,Polygender,Product Management,1384958,Polish,Levallois-Perret,France
768,Pierre,Leas,pleaslb@typepad.com,Genderqueer,Sales,1146479,Arabic,Gainesville,United States
769,Rubin,Austwick,raustwicklc@netvibes.com,Female,Support,533532,Pashto,Leipzig,Germany
770,Patsy,Nagle,pnagleld@mit.edu,Male,Human Resources,54442,Dhivehi,Rungis,France
771,Ross,Handforth,rhandforthle@cafepress.com,Male,Human Resources,1337537,Punjabi,Dijon,France
772,Joseito,Aubrun,jaubrunlf@ovh.net,Agender,Engineering,606977,Bulgarian,Saint Petersburg,United States
773,Jilli,Wixey,jwixeylg@ifeng.com,Non-binary,Human Resources,821667,German,Tampa,United States
774,Linnea,Dragoe,ldragoelh@cargocollective.com,Bigender,Services,1334543,Afrikaans,Lyon,France
775,Lorant,O'Hanley,lohanleyli@oracle.com,Genderfluid,Human Resources,959592,Kazakh,Colombes,France
776,Hilliary,Ruberry,hruberrylj@ameblo.jp,Male,Support,969872,Lithuanian,Angoulême,France
777,Shanie,Goodlake,sgoodlakelk@squarespace.com,Polygender,Business Development,604963,Icelandic,Dortmund,Germany
778,Harri,Joslyn,hjoslynll@umich.edu,Genderfluid,Business Development,218084,Aymara,Cluses,France
779,Oren,Tewelson,otewelsonlm@answers.com,Polygender,Sales,461701,Gujarati,Wissous,France
780,Marylynne,Coghill,mcoghillln@github.com,Genderqueer,Support,1158771,Dari,Minneapolis,United States
781,Skipper,Widmore,swidmorelo@discovery.com,Non-binary,Services,333078,Norwegian,Flushing,United States
782,Violetta,Macveigh,vmacveighlp@livejournal.com,Non-binary,Sales,141443,Tetum,Chartres,France
783,Alexandros,Williment,awillimentlq@smh.com.au,Agender,Business Development,1127705,Papiamento,Tucson,United States
784,Frans,Simpkins,fsimpkinslr@rakuten.co.jp,Male,Engineering,949288,Montenegrin,Pontarlier,France
785,Eula,Benallack,ebenallackls@gizmodo.com,Bigender,Services,944244,Romanian,Cholet,France
786,Alric,Pendlebery,apendleberylt@xinhuanet.com,Polygender,Business Development,250924,Polish,Amarillo,United States
787,Natividad,Troyes,ntroyeslu@xing.com,Genderqueer,Human Resources,1484740,Lithuanian,Bordeaux,France
788,Marna,Bendig,mbendiglv@tinyurl.com,Agender,Engineering,1001909,Malay,Montpellier,France
789,Stillman,Pallent,spallentlw@dedecms.com,Agender,Engineering,1219029,Malayalam,Nashville,United States
790,Everard,Pomfrett,epomfrettlx@china.com.cn,Agender,Marketing,1413617,Dutch,Quimper,France
791,Bryanty,Gorhardt,bgorhardtly@elpais.com,Agender,Accounting,1048070,Norwegian,Orlando,United States
792,Aurlie,Diemer,adiemerlz@ask.com,Female,Human Resources,1124252,Catalan,Lille,France
793,Wynnie,Paradise,wparadisem0@furl.net,Male,Sales,991848,Tamil,Montgomery,United States
794,Farand,Colaco,fcolacom1@netvibes.com,Female,Human Resources,283383,Persian,Dallas,United States
795,Jeth,Noades,jnoadesm2@theguardian.com,Female,Marketing,397164,Telugu,Camden,United States
796,Kit,Gosse,kgossem3@tuttocitta.it,Agender,Support,749513,Persian,Perpignan,France
797,Perri,Ibeson,pibesonm4@psu.edu,Genderqueer,Human Resources,1358376,Japanese,Lens,France
798,Guillemette,Ducker,gduckerm5@delicious.com,Non-binary,Research and Development,322913,Malagasy,Fort Myers,United States
799,Christophorus,Orringe,corringem6@ebay.com,Genderqueer,Sales,64075,Filipino,Paris 16,France
800,Delmar,Lamplugh,dlamplughm7@github.io,Male,Human Resources,146402,Irish Gaelic,Youngstown,United States
801,Ardith,Birchenhead,abirchenheadm8@storify.com,Genderqueer,Marketing,764428,Northern Sotho,Levallois-Perret,France
802,Di,Kasting,dkastingm9@livejournal.com,Polygender,Support,1075417,Bengali,Saint Petersburg,United States
803,Marena,Shoute,mshoutema@trellian.com,Bigender,Business Development,64654,Kazakh,Des Moines,United States
804,Cad,Eskrigge,ceskriggemb@macromedia.com,Male,Services,888359,Tetum,New Orleans,United States
805,Lurline,Ranger,lrangermc@economist.com,Female,Engineering,1229869,Irish Gaelic,Bollène,France
806,Davey,Lambeth,dlambethmd@irs.gov,Agender,Sales,889281,Bosnian,Montpellier,France
807,Mace,O'Dougherty,modoughertyme@msn.com,Agender,Business Development,618428,Finnish,Angers,France
808,Errol,Allett,eallettmf@usda.gov,Bigender,Research and Development,1160079,German,Rockford,United States
809,Martie,Willshaw,mwillshawmg@discovery.com,Polygender,Engineering,355578,Thai,Cincinnati,United States
810,Hastie,Else,helsemh@eepurl.com,Polygender,Legal,223868,Pashto,Le Havre,France
811,Ev,Fleis,efleismi@xinhuanet.com,Female,Support,522492,Ndebele,Vitry-sur-Seine,France
812,Baxie,Godard,bgodardmj@earthlink.net,Male,Support,1449720,Lithuanian,Clisson,France
813,Valma,Anderton,vandertonmk@harvard.edu,Agender,Support,690807,Bengali,Rueil-Malmaison,France
814,Kingston,Rasmus,krasmusml@google.cn,Male,Human Resources,743345,Bosnian,Caen,France
815,Candis,Wotherspoon,cwotherspoonmm@scientificamerican.com,Genderqueer,Business Development,908493,Swedish,Tulsa,United States
816,Sherwood,Brett,sbrettmn@de.vu,Polygender,Engineering,80068,Polish,Chaumont,France
817,Velvet,Quince,vquincemo@phpbb.com,Female,Sales,130369,Thai,Cincinnati,United States
818,Granny,Pacquet,gpacquetmp@clickbank.net,Genderqueer,Legal,994573,Portuguese,New York City,United States
819,Ludovico,Peterson,lpetersonmq@i2i.jp,Non-binary,Business Development,245475,Maltese,Montbéliard,France
820,Sylvia,Chalker,schalkermr@hubpages.com,Male,Marketing,613908,Chinese,Frontignan,France
821,Hartley,Crosskill,hcrosskillms@eepurl.com,Agender,Legal,751611,Afrikaans,Montpellier,France
822,Estella,Balharrie,ebalharriemt@storify.com,Genderqueer,Legal,1027244,Oriya,Toledo,United States
823,Fallon,Apfel,fapfelmu@theguardian.com,Agender,Research and Development,526445,Korean,Pompano Beach,United States
824,Nancie,Pendall,npendallmv@t-online.de,Male,Support,1279165,Hiri Motu,Fresno,United States
825,Ellynn,Boyles,eboylesmw@fema.gov,Bigender,Sales,456224,New Zealand Sign Language,Valence,France
826,Tally,Gallegos,tgallegosmx@icio.us,Male,Accounting,510019,English,Washington,United States
827,Adrienne,Caustick,acaustickmy@webnode.com,Genderqueer,Research and Development,1351604,Czech,Bronx,United States
828,Kattie,Ebdon,kebdonmz@tripod.com,Male,Marketing,314034,Zulu,Denver,United States
829,Bengt,Soldner,bsoldnern0@instagram.com,Genderqueer,Engineering,1342272,Czech,Long Beach,United States
830,Fayette,Biaggetti,fbiaggettin1@ftc.gov,Polygender,Support,423123,Catalan,Dijon,France
831,Theressa,Pettifer,tpettifern2@nps.gov,Agender,Product Management,458455,Swahili,Port Washington,United States
832,Julian,Wickersley,jwickersleyn3@privacy.gov.au,Agender,Marketing,542744,Irish Gaelic,Erie,United States
833,Lorianna,Birchenhead,lbirchenheadn4@indiegogo.com,Female,Engineering,1106254,Zulu,Solingen,Germany
834,Ward,Guinan,wguinann5@vimeo.com,Genderfluid,Legal,1063611,Tajik,La Tour-du-Pin,France
835,Florence,De Ath,fdeathn6@ucoz.com,Genderqueer,Marketing,169787,Belarusian,Boulogne-sur-Mer,France
836,Ilka,Rothwell,irothwelln7@pinterest.com,Polygender,Human Resources,553676,Arabic,El Paso,United States
837,Sybille,Savege,ssavegen8@taobao.com,Bigender,Engineering,1103008,English,Kansas City,United States
838,Joleen,Lanchester,jlanchestern9@google.co.uk,Polygender,Engineering,855109,Quechua,Beaumont,United States
839,Margalo,Yeskin,myeskinna@ucla.edu,Bigender,Research and Development,454505,Spanish,Charleston,United States
840,Reena,Fantonetti,rfantonettinb@ycombinator.com,Genderqueer,Sales,538843,Danish,Lyon,France
841,Gearalt,Fedder,gfeddernc@examiner.com,Male,Training,1427800,Malagasy,Topeka,United States
842,Elliot,Langtree,elangtreend@irs.gov,Female,Legal,1004969,Gujarati,Golbey,France
843,Zelig,Lomond,zlomondne@feedburner.com,Genderfluid,Engineering,663746,Kurdish,Cognac,France
844,Lenka,Rae,lraenf@patch.com,Bigender,Marketing,449463,Estonian,Annonay,France
845,Clea,Willas,cwillasng@devhub.com,Genderfluid,Legal,949725,French,Aulnay-sous-Bois,France
846,Rani,Newlands,rnewlandsnh@clickbank.net,Agender,Business Development,638021,Danish,Sophia Antipolis,France
847,Brewster,Pinnion,bpinnionni@dailymotion.com,Polygender,Human Resources,1119297,West Frisian,Berlin,Germany
848,Emlyn,Haslen,ehaslennj@cdc.gov,Genderfluid,Research and Development,1397928,Maltese,Paris 13,France
849,Mahalia,Leinster,mleinsternk@samsung.com,Genderqueer,Legal,180738,Haitian Creole,Lyon,France
850,Herschel,Mation,hmationnl@usa.gov,Genderfluid,Human Resources,1004583,Indonesian,Düsseldorf,Germany
851,Janessa,Meenehan,jmeenehannm@mozilla.com,Genderqueer,Research and Development,211302,Dhivehi,Beauvais,France
852,Loydie,Rumsby,lrumsbynn@harvard.edu,Male,Support,45045,Gagauz,Lyon,France
853,Madelina,Cerro,mcerrono@cornell.edu,Genderqueer,Legal,380473,Oriya,Pompano Beach,United States
854,Sheelagh,Skacel,sskacelnp@fastcompany.com,Genderqueer,Sales,426709,German,Nanterre,France
855,Darn,Scarman,dscarmannq@paginegialle.it,Female,Training,386321,Dari,Flushing,United States
856,Muffin,Cuskery,mcuskerynr@list-manage.com,Bigender,Research and Development,999405,Pashto,Châlons-en-Champagne,France
857,Lyndsey,Reboulet,lrebouletns@state.tx.us,Genderqueer,Services,1357847,Hiri Motu,Draguignan,France
858,Wolfy,Rickardes,wrickardesnt@tripadvisor.com,Female,Accounting,350142,Hiri Motu,Rungis,France
859,Beulah,Balint,bbalintnu@intel.com,Non-binary,Business Development,183614,Georgian,Noyon,France
860,Scarface,McCallum,smccallumnv@psu.edu,Polygender,Product Management,354823,Japanese,Pau,France
861,Pernell,Deguara,pdeguaranw@sitemeter.com,Female,Accounting,1253503,Northern Sotho,Saint-Étienne,France
862,Carlina,Tarr,ctarrnx@google.com.hk,Male,Training,1148371,Malagasy,Pau,France
863,Regen,Sabie,rsabieny@slate.com,Non-binary,Human Resources,525002,Burmese,Colomiers,France
864,Maje,Leil,mleilnz@purevolume.com,Polygender,Training,682203,Gujarati,Yonkers,United States
865,Dorella,Gowdy,dgowdyo0@accuweather.com,Polygender,Marketing,394476,Georgian,Houston,United States
866,Andros,Twede,atwedeo1@51.la,Genderqueer,Sales,153610,Gujarati,Oakland,United States
867,Karoly,O'Neill,koneillo2@ehow.com,Genderfluid,Research and Development,887297,Bengali,Mantes-la-Jolie,France
868,Mead,Strathdee,mstrathdeeo3@samsung.com,Female,Engineering,115262,Icelandic,Cincinnati,United States
869,Dale,Stubbin,dstubbino4@statcounter.com,Bigender,Research and Development,169963,Dutch,Corona,United States
870,Marjie,Molan,mmolano5@bloomberg.com,Genderfluid,Services,1236468,Zulu,Milwaukee,United States
871,Benjamen,Beagrie,bbeagrieo6@webeden.co.uk,Female,Business Development,1258596,Zulu,Valence,France
872,Marcile,Tarbard,mtarbardo7@cnbc.com,Bigender,Product Management,489794,Tajik,Carquefou,France
873,Lenore,Muscott,lmuscotto8@dropbox.com,Genderfluid,Accounting,313587,Macedonian,Caen,France
874,Tatum,Helliker,thellikero9@timesonline.co.uk,Female,Accounting,1295789,West Frisian,Pensacola,United States
875,Solomon,Aisman,saismanoa@hugedomains.com,Genderfluid,Business Development,350665,Chinese,Rockford,United States
876,Abey,Slocum,aslocumob@trellian.com,Male,Product Management,1419920,Finnish,Lyon,France
877,Jean,Sinney,jsinneyoc@irs.gov,Genderqueer,Human Resources,602437,Marathi,Iowa City,United States
878,Harriet,Scotchmore,hscotchmoreod@oakley.com,Polygender,Engineering,69367,Bosnian,Las Vegas,United States
879,Zitella,Goodreid,zgoodreidoe@com.com,Polygender,Accounting,218250,Hiri Motu,High Point,United States
880,Anthia,Roycroft,aroycroftof@ucla.edu,Female,Research and Development,1453928,Yiddish,Springfield,United States
881,Eartha,Colebrook,ecolebrookog@omniture.com,Female,Marketing,1428381,Dzongkha,Boston,United States
882,Agatha,Braidwood,abraidwoodoh@exblog.jp,Polygender,Business Development,248683,Aymara,Massy,France
883,Gale,Whear,gwhearoi@posterous.com,Genderfluid,Accounting,1312055,Hindi,La Chapelle-sur-Erdre,France
884,Desiri,Pease,dpeaseoj@nih.gov,Agender,Marketing,812938,Bosnian,Avignon,France
885,Shae,Wallett,swallettok@linkedin.com,Genderqueer,Training,1130468,Lao,Saint-Gaudens,France
886,Auberon,Fundell,afundellol@mac.com,Male,Support,1205800,Tamil,Tampa,United States
887,Duncan,Marians,dmariansom@list-manage.com,Agender,Training,162730,Croatian,Cergy-Pontoise,France
888,Joy,Wessing,jwessingon@amazon.co.jp,Polygender,Accounting,730924,Finnish,Wilmington,United States
889,Cheryl,Rawdall,crawdalloo@princeton.edu,Female,Support,1095472,Afrikaans,Ivry-sur-Seine,France
890,Wit,Baseggio,wbaseggioop@miibeian.gov.cn,Bigender,Business Development,32072,West Frisian,Allentown,United States
891,Eb,Loosley,eloosleyoq@blinklist.com,Bigender,Legal,299934,Tamil,Al Fujayrah,United Arab Emirates
892,Phineas,Beetlestone,pbeetlestoneor@behance.net,Agender,Human Resources,840802,Japanese,Fort Worth,United States
893,Richard,Hadrill,rhadrillos@wp.com,Bigender,Product Management,262972,Māori,Rungis,France
894,Kanya,Fitzhenry,kfitzhenryot@ibm.com,Genderfluid,Legal,163855,Irish Gaelic,Perpignan,France
895,Georgi,Gandar,ggandarou@theatlantic.com,Agender,Product Management,899647,Armenian,Saumur,France
896,Henri,Croxton,hcroxtonov@state.tx.us,Female,Support,1285970,Tamil,Nancy,France
897,Maggie,Dodell,mdodellow@uol.com.br,Male,Business Development,985635,Finnish,Metz,France
898,Idette,Tregea,itregeaox@aol.com,Polygender,Business Development,1419028,Oriya,Carcassonne,France
899,Chev,Hasely,chaselyoy@mozilla.org,Non-binary,Sales,422081,Indonesian,Carrières-sur-Seine,France
900,Sholom,Pauleit,spauleitoz@google.nl,Genderfluid,Business Development,1339792,Romanian,Tarbes,France
901,Yulma,Doogood,ydoogoodp0@dailymail.co.uk,Polygender,Engineering,1261721,Hungarian,Vanves,France
902,Inga,Sive,isivep1@cargocollective.com,Genderqueer,Research and Development,1419554,German,München,Germany
903,Kare,Dickins,kdickinsp2@google.es,Genderqueer,Marketing,1198778,Luxembourgish,El Paso,United States
904,Rose,Iacoviello,riacoviellop3@trellian.com,Bigender,Accounting,411809,Czech,Mende,France
905,Reggie,Welham,rwelhamp4@free.fr,Bigender,Training,1470402,Catalan,Pau,France
906,Horacio,Broadstock,hbroadstockp5@360.cn,Polygender,Accounting,1060704,Finnish,Murfreesboro,United States
907,Marybeth,Ewert,mewertp6@youtube.com,Genderfluid,Marketing,690167,Azeri,Strasbourg,France
908,Gawain,Sherar,gsherarp7@mapquest.com,Male,Legal,91888,Bulgarian,New Orleans,United States
909,Giselle,Sproson,gsprosonp8@gizmodo.com,Non-binary,Legal,1387825,West Frisian,Jeffersonville,United States
910,Heda,Kohtler,hkohtlerp9@vistaprint.com,Bigender,Legal,1003087,Tajik,Amiens,France
911,Ingmar,Auchterlony,iauchterlonypa@addthis.com,Polygender,Legal,342389,Bosnian,Troyes,France
912,Nicol,Gude,ngudepb@unblog.fr,Polygender,Accounting,1349164,Tsonga,Tulsa,United States
913,Royce,Cator,rcatorpc@miibeian.gov.cn,Polygender,Engineering,1380372,Estonian,Vénissieux,France
914,Zoe,Helkin,zhelkinpd@squarespace.com,Agender,Business Development,283449,Zulu,Nice,France
915,Joey,Clough,jcloughpe@twitter.com,Non-binary,Training,1392003,Swati,Burbank,United States
916,Theressa,Celler,tcellerpf@unc.edu,Male,Product Management,921995,Lao,San Diego,United States
917,Dyana,Camplejohn,dcamplejohnpg@bigcartel.com,Non-binary,Business Development,695489,Oriya,Seattle,United States
918,Meryl,Motten,mmottenph@dailymotion.com,Male,Engineering,610195,Hebrew,Marseille,France
919,Ash,Fintoph,afintophpi@51.la,Female,Support,338249,Tswana,Nürnberg,Germany
920,Bobbette,Dellenbrook,bdellenbrookpj@hhs.gov,Bigender,Support,1266749,Moldovan,Lexington,United States
921,Stanley,Claiton,sclaitonpk@ed.gov,Bigender,Legal,1212777,Tswana,Chandler,United States
922,Gwen,Rigney,grigneypl@prweb.com,Bigender,Business Development,505146,Montenegrin,Cluses,France
923,Joye,Chinge,jchingepm@cnn.com,Genderfluid,Product Management,1088452,Armenian,Oakland,United States
924,Lelia,Hodge,lhodgepn@mail.ru,Male,Product Management,722130,Japanese,Fresno,United States
925,Marjory,Alleyne,malleynepo@skyrock.com,Female,Training,1317001,Guaraní,Tucson,United States
926,Farrell,Greenstock,fgreenstockpp@google.cn,Genderqueer,Research and Development,359834,Sotho,Paris 18,France
927,Parrnell,Huggen,phuggenpq@wufoo.com,Genderqueer,Sales,241807,Hungarian,Atlanta,United States
928,Rutledge,Pashen,rpashenpr@moonfruit.com,Genderfluid,Services,1084941,Papiamento,Avignon,France
929,Idette,Casbolt,icasboltps@hatena.ne.jp,Genderfluid,Sales,1085147,West Frisian,Greenville,United States
930,Delbert,Arnowitz,darnowitzpt@google.co.uk,Bigender,Business Development,1287584,Spanish,Perpignan,France
931,Gerianna,Rubel,grubelpu@weebly.com,Genderqueer,Engineering,885564,West Frisian,New Orleans,United States
932,Hilarius,Brymham,hbrymhampv@dell.com,Male,Accounting,1340785,Yiddish,Saint-Maurice,France
933,Scotty,Braidley,sbraidleypw@senate.gov,Bigender,Services,337775,Danish,Aix-en-Provence,France
934,Udale,Kiddle,ukiddlepx@blog.com,Bigender,Marketing,1442920,Punjabi,Toulouse,France
935,Augustina,McNamee,amcnameepy@gizmodo.com,Polygender,Legal,526249,Dzongkha,Montpellier,France
936,Gleda,Posten,gpostenpz@mozilla.com,Polygender,Research and Development,16745,Amharic,Orlando,United States
937,Gibby,Simcock,gsimcockq0@canalblog.com,Female,Business Development,1494917,Montenegrin,Guingamp,France
938,Jacky,Aindriu,jaindriuq1@studiopress.com,Genderqueer,Business Development,1272281,Tswana,Berlin,Germany
939,Creighton,Sparwell,csparwellq2@printfriendly.com,Genderqueer,Business Development,150242,Tamil,San Rafael,United States
940,Joelly,Kubera,jkuberaq3@arizona.edu,Polygender,Product Management,1156397,Spanish,Dortmund,Germany
941,Violet,Reason,vreasonq4@archive.org,Non-binary,Business Development,155089,Dzongkha,Paris 14,France
942,Ginnie,Putman,gputmanq5@example.com,Agender,Product Management,376017,Czech,Saint-Denis,France
943,Townie,Talloe,ttalloeq6@wordpress.org,Polygender,Marketing,392376,Tok Pisin,Ajman,United Arab Emirates
944,Jany,Berge,jbergeq7@cloudflare.com,Polygender,Support,213076,Croatian,Lansing,United States
945,Lorene,Banstead,lbansteadq8@forbes.com,Female,Business Development,831669,French,Saint-Avold,France
946,Ettore,Winspeare,ewinspeareq9@360.cn,Genderfluid,Support,1400621,Tajik,Seattle,United States
947,Jillayne,Redon,jredonqa@craigslist.org,Bigender,Services,459313,Japanese,Birmingham,United States
948,Glyn,Lamshead,glamsheadqb@goo.gl,Agender,Services,369732,Pashto,La Rochelle,France
949,Gaspar,Bonnet,gbonnetqc@rambler.ru,Female,Sales,1202039,Kashmiri,Rouen,France
950,Bail,Southwell,bsouthwellqd@fda.gov,Bigender,Training,837379,Irish Gaelic,Montgomery,United States
951,Marie-jeanne,Tesoe,mtesoeqe@ucsd.edu,Non-binary,Business Development,810029,Chinese,Miami,United States
952,Justen,Sextie,jsextieqf@telegraph.co.uk,Genderfluid,Business Development,1471735,Papiamento,Roissy Charles-de-Gaulle,France
953,Candide,Simioni,csimioniqg@twitpic.com,Genderfluid,Accounting,30769,Dutch,Sacramento,United States
954,Faustina,Hembling,fhemblingqh@wikipedia.org,Bigender,Business Development,296916,Italian,Saint Petersburg,United States
955,Ase,Brabbs,abrabbsqi@nsw.gov.au,Genderfluid,Research and Development,331740,Montenegrin,Paris 12,France
956,Stormi,Grigolashvill,sgrigolashvillqj@4shared.com,Agender,Human Resources,1128263,Japanese,Carcassonne,France
957,Millie,Eastwood,meastwoodqk@uiuc.edu,Genderqueer,Human Resources,967860,Bislama,Washington,United States
958,Colby,Salmons,csalmonsql@guardian.co.uk,Genderqueer,Training,651606,Malay,Albany,United States
959,Mickie,Youthed,myouthedqm@nature.com,Female,Human Resources,126867,Albanian,Albertville,France
960,Yolanthe,Boumphrey,yboumphreyqn@wisc.edu,Bigender,Research and Development,797144,Dari,Daytona Beach,United States
961,Alvera,Castelijn,acastelijnqo@cisco.com,Genderqueer,Legal,147739,Belarusian,Kansas City,United States
962,Joycelin,Pettit,jpettitqp@oaic.gov.au,Genderqueer,Engineering,1201813,Aymara,San Francisco,United States
963,Mathias,Dumphreys,mdumphreysqq@walmart.com,Female,Business Development,1374232,Dhivehi,Valdosta,United States
964,Marty,Roydon,mroydonqr@cornell.edu,Non-binary,Support,1193661,Papiamento,Nürnberg,Germany
965,Padget,Bemment,pbemmentqs@drupal.org,Bigender,Sales,527372,Bengali,Pont-Audemer,France
966,Creighton,Annakin,cannakinqt@prlog.org,Male,Human Resources,1192133,Ndebele,Denver,United States
967,Dov,Bausor,dbausorqu@deliciousdays.com,Genderfluid,Sales,983602,Latvian,Avallon,France
968,Kelly,Whitticks,kwhitticksqv@com.com,Genderqueer,Research and Development,1453146,Moldovan,Fresno,United States
969,Tybi,Mingo,tmingoqw@hibu.com,Bigender,Services,1220809,Punjabi,Cincinnati,United States
970,Tatiania,Tipling,ttiplingqx@ucsd.edu,Bigender,Product Management,687856,Italian,Roubaix,France
971,Emylee,Bullivent,ebulliventqy@businesswire.com,Male,Legal,175849,Lao,Fécamp,France
972,Royce,Grigorini,rgrigoriniqz@godaddy.com,Genderqueer,Sales,1080743,Swahili,Santa Rosa,United States
973,Kiele,Fawlo,kfawlor0@icio.us,Genderfluid,Marketing,165501,Tamil,Charlotte,United States
974,Dacey,Tolomei,dtolomeir1@pbs.org,Agender,Marketing,882709,Oriya,Alençon,France
975,Idalina,Golsworthy,igolsworthyr2@friendfeed.com,Female,Human Resources,822993,Tamil,Salt Lake City,United States
976,Nilson,Bloom,nbloomr3@multiply.com,Female,Accounting,1430871,Hiri Motu,Saint-Quentin,France
977,Babbette,Bleibaum,bbleibaumr4@globo.com,Genderfluid,Training,1456483,Tajik,Perpignan,France
978,Martie,Falla,mfallar5@merriam-webster.com,Genderfluid,Research and Development,423614,Catalan,Châtillon,France
979,Vaclav,MacMarcuis,vmacmarcuisr6@woothemes.com,Male,Business Development,322719,Bengali,Goussainville,France
980,Jobi,Oxbe,joxber7@nymag.com,Agender,Sales,583612,Tajik,Nantes,France
981,Brooks,Brabant,bbrabantr8@earthlink.net,Agender,Legal,780900,Polish,Le Bourget-du-Lac,France
982,Flossy,Jelkes,fjelkesr9@com.com,Genderfluid,Marketing,25641,Filipino,Quimper,France
983,Guglielmo,Mattusevich,gmattusevichra@hud.gov,Polygender,Accounting,1229801,Bengali,Washington,United States
984,Rurik,Tregien,rtregienrb@google.pl,Polygender,Human Resources,890053,Hindi,Los Angeles,United States
985,Vivienne,Crampsy,vcrampsyrc@nyu.edu,Non-binary,Engineering,588352,Greek,Sacramento,United States
986,Matthaeus,Giblin,mgiblinrd@rakuten.co.jp,Bigender,Legal,422339,Aymara,Paris La Défense,France
987,Panchito,Kurdani,pkurdanire@bloglines.com,Agender,Marketing,1346261,Amharic,New York City,United States
988,Randi,Rignall,rrignallrf@house.gov,Genderqueer,Human Resources,1134462,Dutch,Bourg-lès-Valence,France
989,Bonita,Bastie,bbastierg@hostgator.com,Non-binary,Human Resources,431266,Tok Pisin,Saint Louis,United States
990,Tomlin,Wheaton,twheatonrh@google.ca,Male,Services,1122651,West Frisian,Chattanooga,United States
991,Alla,Clue,aclueri@devhub.com,Male,Accounting,918983,Malayalam,Lyon,France
992,Marlon,Quillinane,mquillinanerj@sina.com.cn,Polygender,Engineering,270378,Kannada,Mulhouse,France
993,Kandace,Heningam,kheningamrk@uol.com.br,Male,Research and Development,1467973,Dzongkha,Balma,France
994,Orion,Fort,ofortrl@nymag.com,Genderqueer,Legal,1177825,Latvian,Midland,United States
995,Austine,Harron,aharronrm@arstechnica.com,Male,Product Management,514399,Finnish,Asheville,United States
996,Marlon,Gaylord,mgaylordrn@opera.com,Polygender,Accounting,810013,Punjabi,Berlin,Germany
997,Birgitta,Ferriday,bferridayro@cnet.com,Genderqueer,Engineering,1133717,Khmer,Des Moines,United States
998,Yancy,Kienlein,ykienleinrp@baidu.com,Female,Research and Development,1393921,Aymara,Philadelphia,United States
999,Saraann,Zecchi,szecchirq@columbia.edu,Polygender,Accounting,105306,Bosnian,Levallois-Perret,France
1000,Jaime,Eyre,jeyrerr@shinystat.com,Genderfluid,Services,151445,Estonian,San Diego,United States
